chrom	start	pos	ref	alt	strand	prevalance	Germline_homozygous	Cancer_type	loss_of_wt	HGVSg	HGVSc	gnomAD	mismatch	name2	Gene	Mutation_type	Mutation_status	Penetrance	Protein_change	ID	dna_seq	DNA off-target hits -minIdentity=85	DNA off-target hits -minIdentity=90	DNA off-target hits -minIdentity=95	DNA off-target hits -minIdentity=100	21_dna_seq	count_local_off_target_21_dna
chr5	112111389	112111390	C	T	+	< 0.1	0	Gastrointestinal Neuroendocrine Tumors	100	5:g.112111390C>T	ENST00000257430.4:c.487C>T		C>T	APC	APC	Nonsense	Germline - Pathogenic	H	Q163*	1	ACTGGTATTACGCTCAACTTCAGAATCTCACTAAAAGAATA	0	0	0	0	CGCTCAACTTCAGAATCTCAC	5.0
chr5	112151203	112151204	C	T	+	< 0.1	0	Small Bowel Cancer	100	5:g.112151204C>T	ENST00000257430.4:c.847C>T		C>T	APC	APC	Nonsense	Germline - Pathogenic	H	R283*	2	ATTTTTAGGGTTCAACTACACGAATGGACCATGAAACAGCC	0	0	0	0	TTCAACTACACGAATGGACCA	4.0
chr5	112174383	112174384	T	G	+	< 0.1	0	Small Bowel Cancer	100	5:g.112174384T>G	ENST00000257430.4:c.3093T>G		T>G	APC	APC	Nonsense	Germline - Pathogenic	H	Y1031*	4	ATAAATTATAGTCTTAAATATTCAGATGAGCAGTTGAACTC	0	0	0	0	GTCTTAAATATTCAGATGAGC	
chr5	112175924	112175925	C	G	+	< 0.1	0	Non-Cholangio Hepatobiliary Cancer	100	5:g.112175925C>G	ENST00000257430.4:c.4634C>G		C>G	APC	APC	Nonsense	Germline - Pathogenic	H	S1545*	7	ATCAGAGCAGCCTAAAGAATCAAATGAAAACCAAGAGAAAG	0	0	0	0	CCTAAAGAATCAAATGAAAAC	
chr13	32971131	32971132	C	G	+	< 0.1	0	Gastrointestinal Stromal Tumor	-	13:g.32971132C>G	ENST00000380152.3:c.9599C>G		C>G	BRCA2	BRCA2	Nonsense	Germline - Pathogenic	H	S3200*	12	CCCAACTAAAGACTGTACTTCAGGGCCGTACACTGCTCAAA	0	0	0	0	GACTGTACTTCAGGGCCGTAC	
chr13	32969034	32969035	C	T	+	< 0.1	-	Cutaneous Melanoma	-	13:g.32969035C>T	ENST00000380152.3:c.9466C>T		C>T	BRCA2	BRCA2	Nonsense	Germline - Pathogenic	H	Q3156*	14	GTCCAAAAGAGGGCCACTTTCAAGAGACATTCAACAAAATG	0	0	0	0	GGGCCACTTTCAAGAGACATT	5.0
chr13	32968950	32968951	C	T	+	< 0.1	0	Prostate Cancer, Invasive Breast Carcinoma	50	13:g.32968951C>T	ENST00000380152.3:c.9382C>T		C>T	BRCA2	BRCA2	Nonsense	Germline - Pathogenic	H	R3128*	16	CTGCAAGCAACCTCCAGTGGCGACCAGAATCCAAATCAGGC	0	0	0	0	CCTCCAGTGGCGACCAGAATC	3.0
chr13	32968939	32968940	A	T	+	< 0.1	0	Pancreatic Adenocarcinoma	100	13:g.32968940A>T	ENST00000380152.3:c.9371A>T		A>T	BRCA2	BRCA2	Missense	Germline - Pathogenic	H	N3124I	17	TATGTTAATTGCTGCAAGCAACCTCCAGTGGCGACCAGAAT	0	0	0	0	GCTGCAAGCAACCTCCAGTGG	
chr13	32968853	32968854	C	A	+	< 0.1	0	Ampullary Carcinoma	100	13:g.32968854C>A	ENST00000380152.3:c.9285C>A		C>A	BRCA2	BRCA2	Missense	Germline - Pathogenic	H	D3095E	18	CCTTTCGTCTATTTGTCAGACGAATGTTACAATTTACTGGC	0	0	0	0	ATTTGTCAGACGAATGTTACA	
chr13	32954180	32954181	G	A	+	< 0.1	0	Non-Small Cell Lung Cancer	-	13:g.32954181G>A	ENST00000380152.3:c.9155G>A		G>A	BRCA2	BRCA2	Missense	Germline - Pathogenic	H	R3052Q	20	ATTTCAGATTTACCAGCCACGGGAGCCCCTTCACTTCAGCA	0	0	0	0	TACCAGCCACGGGAGCCCCTT	4.0
chr13	32954049	32954050	G	A	+	< 0.1	0	Prostate Cancer, Invasive Breast Carcinoma, Non-Small Cell Lung Cancer	100	13:g.32954050G>A	ENST00000380152.3:c.9117G>A		G>A	BRCA2	BRCA2	Splice	Germline - Pathogenic	H	X3039_splice	21	ACTCAGTATCAACAACTACCGGTACAAACCTTTCATTGTAA	0	0	0	0	AACAACTACCGGTACAAACCT	9.0
chr13	32954173	32954174	C	T	+	< 0.1	0	Pancreatic Adenocarcinoma	-	13:g.32954174C>T	ENST00000380152.3:c.9148C>T		C>T	BRCA2	BRCA2	Nonsense	Germline - Pathogenic	H	Q3050*	22	AAATTTTATTTCAGATTTACCAGCCACGGGAGCCCCTTCAC	0	0	0	0	TCAGATTTACCAGCCACGGGA	4.0
chr13	32953653	32953654	T	G	+	< 0.1	0	Prostate Cancer	100	13:g.32953654T>G	ENST00000380152.3:c.8953+2T>G		T>G	BRCA2	BRCA2	Splice	Germline - Pathogenic	H	X2985_splice	26	AAAAAAGAAAAAGATTCAGGTAAGTATGTAAATGCTTTGTT	0	0	0	0	AAGATTCAGGTAAGTATGTAA	
chr13	32953591	32953592	G	C	+	< 0.1	0	Head and Neck Cancer	-	13:g.32953592G>C	ENST00000380152.3:c.8893G>C		G>C	BRCA2	BRCA2	Missense	Germline - Pathogenic	H	D2965H	27	AGGAACAAGGTTTATCAAGGGATGTCACAACCGTGTGGAAG	0	0	0	0	TTTATCAAGGGATGTCACAAC	
chr13	32953567	32953568	C	T	+	< 0.1	0	Bladder Cancer	-	13:g.32953568C>T	ENST00000380152.3:c.8869C>T		C>T	BRCA2	BRCA2	Nonsense	Germline - Pathogenic	H	Q2957*	28	AGGCCATGGAATCTGCTGAACAAAAGGAACAAGGTTTATCA	0	0	0	0	ATCTGCTGAACAAAAGGAACA	3.0
chr13	32953505	32953506	T	C	+	< 0.1	0	Colorectal Adenocarcinoma	-	13:g.32953506T>C	ENST00000380152.3:c.8807T>C	2.5e-05	T>C	BRCA2	BRCA2	Missense	Germline - Pathogenic	H	L2936S	29	GAATAATCACAGGCAAATGTTGAATGATAAGAAACAAGCTC	0	0	0	0	AGGCAAATGTTGAATGATAAG	1.0
chr13	32953462	32953463	A	G	+	< 0.1	0	Colorectal Adenocarcinoma	-	13:g.32953463A>G	ENST00000380152.3:c.8764A>G		A>G	BRCA2	BRCA2	Missense	Germline - Pathogenic	H	S2922G	30	AATGGTCACAGGGTTATTTCAGTGAAGAGCAGTTAAGAGCC	0	0	0	0	GGGTTATTTCAGTGAAGAGCA	7.0
chr13	32950868	32950869	C	T	+	< 0.1	0	Invasive Breast Carcinoma	100	13:g.32950869C>T	ENST00000380152.3:c.8695C>T		C>T	BRCA2	BRCA2	Nonsense	Germline - Pathogenic	H	Q2899*	31	GACAGCAAGTTCGTGCTTTGCAAGATGGTGCAGAGCTTTAT	0	0	0	0	TCGTGCTTTGCAAGATGGTGC	7.0
chr13	32944694	32944695	G	A	+	< 0.1	0	Invasive Breast Carcinoma	100	13:g.32944695G>A	ENST00000380152.3:c.8487+1G>A		G>A	BRCA2	BRCA2	Splice	Germline - Pathogenic	H	X2829_splice	33	AAAGAGCATACCCTATACAGGTATGATGTATTCTTGAAACT	0	0	0	0	CCCTATACAGGTATGATGTAT	6.0
chr13	32937665	32937666	T	G	+	< 0.1	0	Ovarian Cancer	100	13:g.32937666T>G	ENST00000380152.3:c.8327T>G		T>G	BRCA2	BRCA2	Nonsense	Germline - Pathogenic	H	L2776*	34	AGCCCCAGAATCTCTTATGTTAAAGGTAAATTAATTTGCAC	0	0	0	0	TCTCTTATGTTAAAGGTAAAT	
chr13	32937581	32937582	G	A	+	< 0.1	0	Non-Small Cell Lung Cancer	100	13:g.32937582G>A	ENST00000380152.3:c.8243G>A		G>A	BRCA2	BRCA2	Missense	Germline - Pathogenic	H	G2748D	36	GAATGGCAGACTGACAGTTGGTCAGAAGATTATTCTTCATG	0	0	0	0	CTGACAGTTGGTCAGAAGATT	6.0
chr13	32937505	32937506	G	C	+	< 0.1	0	Head and Neck Cancer	100	13:g.32937506G>C	ENST00000380152.3:c.8167G>C		G>C	BRCA2	BRCA2	Missense	Germline - Pathogenic	H	D2723H	37	TGGCCATTATTGAACTTACAGATGGGTGGTATGCTGTTAAG	0	0	0	0	TGAACTTACAGATGGGTGGTA	
chr13	32937316	32937317	T	G	+	< 0.1	0	Ovarian Cancer	-	13:g.32937317T>G	ENST00000380152.3:c.7978T>G		T>G	BRCA2	BRCA2	Missense	Germline - Pathogenic	H	Y2660D	39	TTTTTGTTTTCACTTTTAGATATGATACGGAAATTGATAGA	0	0	0	0	CACTTTTAGATATGATACGGA	
chr13	32905167	32905168	G	A	+	< 0.1	0	Pancreatic Adenocarcinoma, Invasive Breast Carcinoma	-	13:g.32905168G>A	ENST00000380152.3:c.793+1G>A		G>A	BRCA2	BRCA2	Splice	Germline - Pathogenic	H	X265_splice	40	AAGAGAAGCTGCAAGTCATGGTAAGTCCTCTGTTTAGTTGA	0	0	0	0	GCAAGTCATGGTAAGTCCTCT	5.0
chr13	32936732	32936733	A	T	+	< 0.1	0	Prostate Cancer	100	13:g.32936733A>T	ENST00000380152.3:c.7879A>T		A>T	BRCA2	BRCA2	Missense	Germline - Pathogenic	H	I2627F	41	TTTATAATCACTATAGATGGATCATATGGAAACTGGCAGCT	0	0	0	0	CTATAGATGGATCATATGGAA	
chr13	32936731	32936732	G	C	+	< 0.1	0	Bladder Cancer, Prostate Cancer, Invasive Breast Carcinoma	50	13:g.32936732G>C	ENST00000380152.3:c.7878G>C		G>C	BRCA2	BRCA2	Missense	Germline - Pathogenic	H	W2626C	42	GTTTATAATCACTATAGATGGATCATATGGAAACTGGCAGC	0	0	0	0	ACTATAGATGGATCATATGGA	
chr13	32936731	32936732	G	A	+	< 0.1	0	Invasive Breast Carcinoma	100	13:g.32936732G>A	ENST00000380152.3:c.7878G>A		G>A	BRCA2	BRCA2	Nonsense	Germline - Pathogenic	H	W2626*	43	GTTTATAATCACTATAGATGGATCATATGGAAACTGGCAGC	0	0	0	0	ACTATAGATGGATCATATGGA	8.0
chr13	32930686	32930687	C	T	+	< 0.1	0	Invasive Breast Carcinoma	100	13:g.32930687C>T	ENST00000380152.3:c.7558C>T		C>T	BRCA2	BRCA2	Nonsense	Germline - Pathogenic		R2520*	47	CAAAAACATCCACTCTGCCTCGAATCTCTCTGAAAGCAGCA	0	0	0	0	CACTCTGCCTCGAATCTCTCT	7.0
chr13	32930609	32930610	G	A	+	< 0.1	0	Non-Small Cell Lung Cancer	-	13:g.32930610G>A	ENST00000380152.3:c.7481G>A		G>A	BRCA2	BRCA2	Missense	Germline - Pathogenic	H	R2494Q	49	CAGAGATATACAGGATATGCGAATTAAGAAGAAACAAAGGC	0	0	0	0	CAGGATATGCGAATTAAGAAG	9.0
chr13	32930608	32930609	C	T	+	< 0.1	0	Pancreatic Adenocarcinoma, Invasive Breast Carcinoma	100	13:g.32930609C>T	ENST00000380152.3:c.7480C>T		C>T	BRCA2	BRCA2	Nonsense	Germline - Pathogenic	H	R2494*	50	CCAGAGATATACAGGATATGCGAATTAAGAAGAAACAAAGG	0	0	0	0	ACAGGATATGCGAATTAAGAA	4.0
chr13	32929122	32929123	C	G	+	< 0.1	0	Invasive Breast Carcinoma	100	13:g.32929123C>G	ENST00000380152.3:c.7133C>G		C>G	BRCA2	BRCA2	Nonsense	Germline - Pathogenic	H	S2378*	51	TTCAAGCAATTTAGCAGTTTCAGGACATCCATTTTATCAAG	0	0	0	0	TTAGCAGTTTCAGGACATCCA	
chr13	32929049	32929050	C	T	+	< 0.1	0	Bone Cancer	-	13:g.32929050C>T	ENST00000380152.3:c.7060C>T		C>T	BRCA2	BRCA2	Nonsense	Germline - Pathogenic	H	Q2354*	52	CAAATTTTACCGCACCTGGTCAAGAATTTCTGTCTAAATCT	0	0	0	0	CGCACCTGGTCAAGAATTTCT	6.0
chr13	32921032	32921033	G	C	+	< 0.1	0	Invasive Breast Carcinoma	100	13:g.32921033G>C	ENST00000380152.3:c.7007G>C		G>C	BRCA2	BRCA2	Missense	Germline - Pathogenic	H	R2336P	53	GATTACCTGTGTACCCTTTCGGTAAGACATGTTTAAATTTT	0	0	0	0	GTACCCTTTCGGTAAGACATG	
chr13	32921032	32921033	G	A	+	< 0.1	0	Invasive Breast Carcinoma	100	13:g.32921033G>A	ENST00000380152.3:c.7007G>A		G>A	BRCA2	BRCA2	Missense	Germline - Pathogenic	H	R2336H	54	GATTACCTGTGTACCCTTTCGGTAAGACATGTTTAAATTTT	0	0	0	0	GTACCCTTTCGGTAAGACATG	5.0
chr13	32920977	32920978	C	T	+	< 0.1	0	Ovarian Cancer	100	13:g.32920978C>T	ENST00000380152.3:c.6952C>T		C>T	BRCA2	BRCA2	Nonsense	Germline - Pathogenic	H	R2318*	55	TCCTAGGCACAATAAAAGATCGAAGATTGTTTATGCATCAT	0	0	0	0	AATAAAAGATCGAAGATTGTT	6.0
chr13	32890664	32890665	G	A	+	< 0.1	0	Esophagogastric Cancer	-	13:g.32890665G>A	ENST00000380152.3:c.67+1G>A		G>A	BRCA2	BRCA2	Splice	Germline - Pathogenic	H	X23_splice	56	GACACGCTGCAACAAAGCAGGTATTGACAAATTTTATATAA	0	0	0	0	AACAAAGCAGGTATTGACAAA	11.0
chr13	32915147	32915148	C	G	+	< 0.1	0	Non-Small Cell Lung Cancer	100	13:g.32915148C>G	ENST00000380152.3:c.6656C>G		C>G	BRCA2	BRCA2	Nonsense	Germline - Pathogenic	H	S2219*	57	TTCTACTTACTCCAAAGATTCAGAAAACTACTTTGAAACAG	0	0	0	0	TCCAAAGATTCAGAAAACTAC	
chr13	32914953	32914954	T	G	+	< 0.1	0	Non-Small Cell Lung Cancer	100	13:g.32914954T>G	ENST00000380152.3:c.6462T>G		T>G	BRCA2	BRCA2	Nonsense	Germline - Pathogenic	H	Y2154*	63	TCTATTAAAGTTTCTCCATATCTCTCTCAATTTCAACAAGA	0	0	0	0	TTTCTCCATATCTCTCTCAAT	
chr13	32914528	32914529	A	T	+	< 0.1	0	Soft Tissue Sarcoma, Prostate Cancer	100	13:g.32914529A>T	ENST00000380152.3:c.6037A>T		A>T	BRCA2	BRCA2	Nonsense	Germline - Pathogenic	H	K2013*	72	GTACCAAGCAAGTCTTTTCCAAAGTATTGTTTAAAAGTAAC	0	0	0	0	AGTCTTTTCCAAAGTATTGTT	
chr13	32914355	32914356	C	A	+	< 0.1	0	Invasive Breast Carcinoma	100	13:g.32914356C>A	ENST00000380152.3:c.5864C>A		C>A	BRCA2	BRCA2	Nonsense	Germline - Pathogenic	H	S1955*	75	TGATGTTAGTTTGGAAACTTCAGATATATGTAAATGTAGTA	0	0	0	0	TTGGAAACTTCAGATATATGT	
chr13	32914280	32914281	T	G	+	< 0.1	0	Pancreatic Adenocarcinoma	100	13:g.32914281T>G	ENST00000380152.3:c.5789T>G		T>G	BRCA2	BRCA2	Nonsense	Germline - Pathogenic	H	L1930*	78	CATTCAGAGTGAAGAAATTTTACAACATAACCAAAATATGT	0	0	0	0	GAAGAAATTTTACAACATAAC	
chr13	32914273	32914274	G	T	+	< 0.1	0	Invasive Breast Carcinoma	-	13:g.32914274G>T	ENST00000380152.3:c.5782G>T		G>T	BRCA2	BRCA2	Nonsense	Germline - Pathogenic	H	E1928*	79	TTGCTGACATTCAGAGTGAAGAAATTTTACAACATAACCAA	0	0	0	0	TCAGAGTGAAGAAATTTTACA	
chr13	32914173	32914174	C	G	+	< 0.1	0	Prostate Cancer, Non-Small Cell Lung Cancer	100	13:g.32914174C>G	ENST00000380152.3:c.5682C>G		C>G	BRCA2	BRCA2	Nonsense	Germline - Pathogenic	H	Y1894*	83	AAAATTATGGCAGGTTGTTACGAGGCATTGGATGATTCAGA	0	0	0	0	CAGGTTGTTACGAGGCATTGG	
chr13	32914105	32914106	A	T	+	< 0.1	0	Pancreatic Adenocarcinoma	100	13:g.32914106A>T	ENST00000380152.3:c.5614A>T		A>T	BRCA2	BRCA2	Nonsense	Germline - Pathogenic	H	K1872*	85	TATTTACAGACAGTTTCAGTAAAGTAATTAAGGAAAACAAC	0	0	0	0	CAGTTTCAGTAAAGTAATTAA	
chr13	32913770	32913771	C	G	+	< 0.1	0	Invasive Breast Carcinoma	100	13:g.32913771C>G	ENST00000380152.3:c.5279C>G		C>G	BRCA2	BRCA2	Nonsense	Germline - Pathogenic	H	S1760*	91	TGATGAGGTATATAATGATTCAGGATATCTCTCAAAAAATA	0	0	0	0	TATAATGATTCAGGATATCTC	
chr13	32913782	32913783	C	G	+	< 0.1	0	Invasive Breast Carcinoma	100	13:g.32913783C>G	ENST00000380152.3:c.5291C>G		C>G	BRCA2	BRCA2	Nonsense	Germline - Pathogenic	H	S1764*	92	TAATGATTCAGGATATCTCTCAAAAAATAAACTTGATTCTG	-1	-1	-1	-1	GGATATCTCTCAAAAAATAAA	
chr13	32913650	32913651	C	A	+	< 0.1	0	Prostate Cancer	-	13:g.32913651C>A	ENST00000380152.3:c.5159C>A	0.0	C>A	BRCA2	BRCA2	Nonsense	Germline - Pathogenic	H	S1720*	94	TTATTTGTATGAAAATAATTCAAACAGTACTATAGCTGAAA	0	0	0	0	GAAAATAATTCAAACAGTACT	
chr13	32900287	32900288	G	T	+	< 0.1	0	Invasive Breast Carcinoma	100	13:g.32900288G>T	ENST00000380152.3:c.475+1G>T		G>T	BRCA2	BRCA2	Splice	Germline - Pathogenic	H	X159_splice	100	ACCACAAAGAGATAAGTCAGGTATGATTAAAAACAATGCTT	0	0	0	0	GATAAGTCAGGTATGATTAAA	
chr13	32912713	32912714	C	T	+	< 0.1	0	Esophagogastric Cancer	100	13:g.32912714C>T	ENST00000380152.3:c.4222C>T		C>T	BRCA2	BRCA2	Nonsense	Germline - Pathogenic	H	Q1408*	109	GTAATACTTCAAATAAAGAACAGTTAACTGCTACTAAAACG	0	0	0	0	AAATAAAGAACAGTTAACTGC	4.0
chr17	41276048	41276049	T	C	-	< 0.1	0	Pancreatic Adenocarcinoma	-	17:g.41276049A>G	ENST00000357654.3:c.65T>C		T>C	BRCA1	BRCA1	Missense	Germline - Pathogenic	H	L22S	118	TAATGCTATGCAGAAAATCTTAGAGTGTCCCATCTGGTAAG	0	0	0	0	CAGAAAATCTTAGAGTGTCCC	5.0
chr17	41197783	41197784	C	T	-	< 0.1	0	Invasive Breast Carcinoma	100	17:g.41197784G>A	ENST00000357654.3:c.5503C>T		C>T	BRCA1	BRCA1	Nonsense	Germline - Pathogenic	H	R1835*	120	GTGAGGCACCTGTGGTGACCCGAGAGTGGGTGTTGGACAGT	0	0	0	0	TGTGGTGACCCGAGAGTGGGT	5.0
chr17	41251789	41251790	T	A	-	< 0.1	0	Invasive Breast Carcinoma	100	17:g.41251790A>T	ENST00000357654.3:c.547+2T>A		T>A	BRCA1	BRCA1	Splice	Germline - Pathogenic	H	X183_splice	121	TCTGTCTACATTGAATTGGGTAAGGGTCTCAGGTTTTTTAA	0	0	0	0	TTGAATTGGGTAAGGGTCTCA	
chr17	41209094	41209095	C	T	-	< 0.1	0	Invasive Breast Carcinoma	-	17:g.41209095G>A	ENST00000357654.3:c.5251C>T		C>T	BRCA1	BRCA1	Nonsense	Germline - Pathogenic	H	R1751*	124	GAAACCACCAAGGTCCAAAGCGAGCAAGAGAATCCCAGGAC	0	0	0	0	AGGTCCAAAGCGAGCAAGAGA	1.0
chr17	41215351	41215352	G	T	-	< 0.1	0	Invasive Breast Carcinoma	-	17:g.41215352C>A	ENST00000357654.3:c.5191G>T		G>T	BRCA1	BRCA1	Nonsense	Germline - Pathogenic	H	E1731*	125	AAGAAAGAAAAATGCTGAATGAGGTAAGTACTTGATGTTAC	0	0	0	0	AATGCTGAATGAGGTAAGTAC	
chr17	41209138	41209139	T	C	-	< 0.1	0	Ovarian Cancer	100	17:g.41209139A>G	ENST00000357654.3:c.5207T>C		T>C	BRCA1	BRCA1	Missense	Germline - Pathogenic	H	V1736A	126	CTTTCAGCATGATTTTGAAGTCAGAGGAGATGTGGTCAATG	0	0	0	0	GATTTTGAAGTCAGAGGAGAT	1.0
chr17	41215363	41215364	A	T	-	< 0.1	0	Invasive Breast Carcinoma	100	17:g.41215364T>A	ENST00000357654.3:c.5179A>T		A>T	BRCA1	BRCA1	Nonsense	Germline - Pathogenic	H	K1727*	127	CCCAGTCTATTAAAGAAAGAAAAATGCTGAATGAGGTAAGT	0	0	0	0	TAAAGAAAGAAAAATGCTGAA	
chr17	41219624	41219625	G	C	-	< 0.1	0	Bladder Cancer	-	17:g.41219625C>G	ENST00000357654.3:c.5074G>C		G>C	BRCA1	BRCA1	Missense	Germline - Pathogenic	H	D1692H	130	CTCATGTTGTTATGAAAACAGGTATACCAAGAACCTTTACA	0	0	0	0	TATGAAAACAGGTATACCAAG	
chr17	41251833	41251834	C	T	-	< 0.1	0	Invasive Breast Carcinoma	100	17:g.41251834G>A	ENST00000357654.3:c.505C>T		C>T	BRCA1	BRCA1	Nonsense	Germline - Pathogenic	H	Q169*	131	TGAGAACTCTGAGGACAAAGCAGCGGATACAACCTCAAAAG	0	0	0	0	GAGGACAAAGCAGCGGATACA	1.0
chr17	41222939	41222940	G	A	-	< 0.1	0	Pancreatic Adenocarcinoma	100	17:g.41222940C>T	ENST00000357654.3:c.4986+5G>A		G>A	BRCA1	BRCA1	Splice	Germline - Pathogenic	H	X1662_splice	132	GACCCCAGAAGAATTTGTGAGTGTATCCATATGTATCTCCC	0	0	0	0	GAATTTGTGAGTGTATCCATA	6.0
chr17	41226470	41226471	C	T	-	< 0.1	0	Colorectal Adenocarcinoma	-	17:g.41226471G>A	ENST00000357654.3:c.4552C>T		C>T	BRCA1	BRCA1	Nonsense	Germline - Pathogenic	H	Q1518*	138	ACAGTTGCTCTGGGAGTCTTCAGAATAGAAACTACCCATCT	0	0	0	0	TGGGAGTCTTCAGAATAGAAA	5.0
chr17	41228504	41228505	G	T	-	< 0.1	0	Pancreatic Adenocarcinoma		17:g.41228505C>A	ENST00000357654.3:c.4484G>T		G>T	BRCA1	BRCA1	Missense	Germline - Pathogenic	H	R1495M	140	TAAAGAACCAGGAGTGGAAAGGTAAGAAACATCAATGTAAA	0	0	0	0	GGAGTGGAAAGGTAAGAAACA	
chr17	41228504	41228505	G	A	-	< 0.1	0	Ovarian Cancer	-	17:g.41228505C>T	ENST00000357654.3:c.4484G>A		G>A	BRCA1	BRCA1	Missense	Germline - Pathogenic	H	R1495K	141	TAAAGAACCAGGAGTGGAAAGGTAAGAAACATCAATGTAAA	0	0	0	0	GGAGTGGAAAGGTAAGAAACA	10.0
chr17	41256152	41256153	G	T	-	< 0.1	0	Pancreatic Adenocarcinoma, Non-Small Cell Lung Cancer	-	17:g.41256153C>A	ENST00000357654.3:c.427G>T		G>T	BRCA1	BRCA1	Nonsense	Germline - Pathogenic	H	E143*	144	GACTTCTACAGAGTGAACCCGAAAATCCTTCCTTGGTAAAA	0	0	0	0	GAGTGAACCCGAAAATCCTTC	
chr17	41242964	41242965	C	T	-	< 0.1	0	Renal Non-Clear Cell Carcinoma	-	17:g.41242965G>A	ENST00000357654.3:c.4181C>T		C>T	BRCA1	BRCA1	Missense	Germline - Pathogenic	H	T1394I	146	TCAGAGTGACATTTTAACCACTCAGGTAAAAAGCGTGTGTG	0	0	0	0	ATTTTAACCACTCAGGTAAAA	6.0
chr17	41243654	41243655	C	A	-	< 0.1	0	Ovarian Cancer	100	17:g.41243655G>T	ENST00000357654.3:c.3893C>A		C>A	BRCA1	BRCA1	Nonsense	Germline - Pathogenic	H	S1298*	151	TTCTGCTAGCTTGTTTTCTTCACAGTGCAGTGAATTGGAAG	0	0	0	0	TTGTTTTCTTCACAGTGCAGT	
chr17	41243940	41243941	C	T	-	< 0.1	0	Ovarian Cancer	100	17:g.41243941G>A	ENST00000357654.3:c.3607C>T		C>T	BRCA1	BRCA1	Nonsense	Germline - Pathogenic	H	R1203*	155	CACATTTGGCTCAGGGTTACCGAAGAGGGGCCAAGAAATTA	0	0	0	0	TCAGGGTTACCGAAGAGGGGC	3.0
chr17	41256883	41256884	G	A	-	< 0.1	0	Invasive Breast Carcinoma	100	17:g.41256884C>T	ENST00000357654.3:c.301+1G>A	4e-06	G>A	BRCA1	BRCA1	Splice	Germline - Pathogenic	H	X101_splice	159	GCTTGACACAGGTTTGGAGTGTAAGTGTTGAATATCCCAAG	0	0	0	0	GGTTTGGAGTGTAAGTGTTGA	4.0
chr17	41244613	41244614	T	G	-	< 0.1	0	Ovarian Cancer	-	17:g.41244614A>C	ENST00000357654.3:c.2934T>G		T>G	BRCA1	BRCA1	Nonsense	Germline - Pathogenic	H	Y978*	160	GGACTTTTACAAAACCCATATCGTATACCACCACTTTTTCC	0	0	0	0	AAAACCCATATCGTATACCAC	
chr17	41244825	41244826	G	T	-	< 0.1	0	Invasive Breast Carcinoma	100	17:g.41244826C>A	ENST00000357654.3:c.2722G>T		G>T	BRCA1	BRCA1	Nonsense	Germline - Pathogenic	H	E908*	162	TTGAATGTGAACAAAAGGAAGAAAATCAAGGAAAGAATGAG	0	0	0	0	ACAAAAGGAAGAAAATCAAGG	
chr17	41256984	41256985	A	G	-	< 0.1	0	Invasive Breast Carcinoma, Non-Small Cell Lung Cancer	100	17:g.41256985T>C	ENST00000357654.3:c.213-12A>G		A>G	BRCA1	BRCA1	Other	Germline - Pathogenic	H	*71*	165	CTGAGTGTGTTTCTCAAACAATTTAATTTCAGGAGCCTACA	0	0	0	0	TTCTCAAACAATTTAATTTCA	0.0
chr17	41245512	41245513	A	T	-	< 0.1	0	Endometrial Carcinoma	100	17:g.41245513T>A	ENST00000357654.3:c.2035A>T		A>T	BRCA1	BRCA1	Nonsense	Germline - Pathogenic	H	K679*	166	AAGAACCTGCAACTGGAGCCAAGAAGAGTAACAAGCCAAAT	0	0	0	0	AACTGGAGCCAAGAAGAGTAA	
chr17	41245533	41245534	A	T	-	< 0.1	0	Ovarian Cancer	100	17:g.41245534T>A	ENST00000357654.3:c.2014A>T		A>T	BRCA1	BRCA1	Nonsense	Germline - Pathogenic	H	K672*	167	ACCTACAACTCATGGAAGGTAAAGAACCTGCAACTGGAGCC	0	0	0	0	CATGGAAGGTAAAGAACCTGC	
chr17	41258503	41258504	T	G	-	< 0.1	0	Ovarian Cancer, Pancreatic Adenocarcinoma, Invasive Breast Carcinoma, Non-Small Cell Lung Cancer	75	17:g.41258504A>C	ENST00000357654.3:c.181T>G		T>G	BRCA1	BRCA1	Missense	Germline - Pathogenic	H	C61G	170	AGAAGAAAGGGCCTTCACAGTGTCCTTTATGTAAGAATGAT	0	0	0	0	GCCTTCACAGTGTCCTTTATG	
chr17	41245860	41245861	C	T	-	< 0.1	0	Bladder Cancer, Diffuse Glioma, Invasive Breast Carcinoma	33.3	17:g.41245861G>A	ENST00000357654.3:c.1687C>T		C>T	BRCA1	BRCA1	Nonsense	Germline - Pathogenic	H	Q563*	171	AAACAAAAGGTGATTCTATTCAGAATGAGAAAAATCCTAAC	0	0	0	0	TGATTCTATTCAGAATGAGAA	7.0
chr17	41267743	41267744	A	T	-	< 0.1	0	Invasive Breast Carcinoma	100	17:g.41267744T>A	ENST00000357654.3:c.133A>T		A>T	BRCA1	BRCA1	Nonsense	Germline - Pathogenic	H	K45*	172	AGTGTGACCACATATTTTGCAAGTAAGTTTGAATGTGTTAT	0	0	0	0	CATATTTTGCAAGTAAGTTTG	
chr17	41246432	41246433	G	A	-	< 0.1	0	Ovarian Cancer	100	17:g.41246433C>T	ENST00000357654.3:c.1115G>A		G>A	BRCA1	BRCA1	Nonsense	Germline - Pathogenic	H	W372*	173	AGATACTGAAGATGTTCCTTGGATAACACTAAATAGCAGCA	0	0	0	0	GATGTTCCTTGGATAACACTA	6.0
chr1	241667545	241667546	G	A	-	< 0.1	0	Non-Small Cell Lung Cancer	-	1:g.241667546C>T	ENST00000366560.3:c.905-1G>A		G>A	FH	FH	Splice	Germline - Pathogenic	H	X302_splice	174	GGATATTTTTCTTTTCTTTAGGCTTGCCTTTTGTCACTGCT	0	0	0	0	CTTTTCTTTAGGCTTGCCTTT	1.0
chr1	241672056	241672057	T	C	-	< 0.1	0	Renal Non-Clear Cell Carcinoma	100	1:g.241672057A>G	ENST00000366560.3:c.584T>C		T>C	FH	FH	Missense	Germline - Pathogenic	H	M195T	176	TGATACTTTTCCCACAGCAATGCACATTGCTGCTGCAATAG	0	0	0	0	CCCACAGCAATGCACATTGCT	8.0
chr1	241672086	241672087	A	T	-	< 0.1	0	Renal Non-Clear Cell Carcinoma	100	1:g.241672087T>A	ENST00000366560.3:c.556-2A>T	4e-06	A>T	FH	FH	Splice	Germline - Pathogenic	H	X186_splice	177	TCTTTTGAAAAATTTCCAACAGAGCTCAAATGATACTTTTC	0	0	0	0	AATTTCCAACAGAGCTCAAAT	
chr1	241661266	241661267	A	G	-	< 0.1	0	Renal Non-Clear Cell Carcinoma	-	1:g.241661267T>C	ENST00000366560.3:c.1394A>G		A>G	FH	FH	Missense	Germline - Pathogenic	H	Y465C	178	TTTTATTTTTTCTTCAGGGTATGACAAGGCAGCAAAGATTG	0	0	0	0	TCTTCAGGGTATGACAAGGCA	6.0
chr1	241665789	241665790	G	A	-	< 0.1	0	Prostate Cancer	-	1:g.241665790C>T	ENST00000366560.3:c.1189G>A	4e-06	G>A	FH	FH	Missense	Germline - Pathogenic	H	G397R	180	ACCATGTTGCTGTCACTGTCGGAGGCAGCAATGGACATTTT	0	0	0	0	TGTCACTGTCGGAGGCAGCAA	5.0
chr1	241667449	241667450	A	C	-	< 0.1	0	Renal Non-Clear Cell Carcinoma	100	1:g.241667450T>G	ENST00000366560.3:c.1000A>C	4e-06	A>C	FH	FH	Missense	Germline - Pathogenic	H	S334R	182	CCATGAACACTACTGCCTGCAGTCTGATGAAGATAGCAAAT	0	0	0	0	TACTGCCTGCAGTCTGATGAA	
chr2	47643489	47643490	G	A	+	< 0.1	0	Appendiceal Adenocarcinoma	-	2:g.47643490G>A	ENST00000233146.2:c.998G>A		G>A	MSH2	MSH2	Missense	Germline - Pathogenic	H	C333Y	183	GGCTGCCTTGCTGAATAAGTGTAAAACCCCTCAAGGACAAA	0	0	0	0	CTGAATAAGTGTAAAACCCCT	8.0
chr2	47641559	47641560	A	T	+	< 0.1	0	Endometrial Carcinoma, Soft Tissue Sarcoma, Colorectal Adenocarcinoma, Prostate Cancer	100	2:g.47641560A>T	ENST00000233146.2:c.942+3A>T	3.3e-05	A>T	MSH2	MSH2	Splice	Germline - Pathogenic	H	X314_splice	185	GCCCTTAACCTTTTTCAGGTAAAAAAAAAAAAAAAAAAAAA	0	0	0	0	TTTTTCAGGTAAAAAAAAAAA	
chr2	47641543	47641544	T	G	+	< 0.1	0	Colorectal Adenocarcinoma	100	2:g.47641544T>G	ENST00000233146.2:c.929T>G		T>G	MSH2	MSH2	Missense	Germline - Pathogenic	H	L310R	186	TATTGCAGCAGTCAGAGCCCTTAACCTTTTTCAGGTAAAAA	0	0	0	0	GTCAGAGCCCTTAACCTTTTT	
chr2	47710067	47710068	C	T	+	< 0.1	0	Non-Small Cell Lung Cancer	-	2:g.47710068C>T	ENST00000233146.2:c.2785C>T	8.9e-05	C>T	MSH2	MSH2	Nonsense	Germline - Pathogenic	H	R929*	189	TTGTAAATGAAATCATTTCACGAATAAAAGTTACTACGTGA	0	0	0	0	AATCATTTCACGAATAAAAGT	6.0
chr2	47709917	47709918	C	T	+	< 0.1	0	Colorectal Adenocarcinoma	-	2:g.47709918C>T	ENST00000233146.2:c.2635C>T		C>T	MSH2	MSH2	Nonsense	Germline - Pathogenic	H	Q879*	190	GACATTCACATGTGTTTCAGCAAGGTGAAAAAATTATTCAG	0	0	0	0	TGTGTTTCAGCAAGGTGAAAA	6.0
chr2	47708014	47708015	G	C	+	< 0.1	0	Colorectal Adenocarcinoma	100	2:g.47708015G>C	ENST00000233146.2:c.2634+5G>C		G>C	MSH2	MSH2	Splice	Germline - Pathogenic	H	X878_splice	191	CTATCTGGAAAGAGAGGTTTGTCAGTTTGTTTTCATAGTTT	0	0	0	0	AGAGAGGTTTGTCAGTTTGTT	
chr2	47707833	47707834	G	A	+	< 0.1	0	Non-Cholangio Hepatobiliary Cancer	100	2:g.47707834G>A	ENST00000233146.2:c.2459-1G>A		G>A	MSH2	MSH2	Splice	Germline - Pathogenic	H	X820_splice	192	GCTTCCCCAAATTTCTTATAGGTGTCTGTGATCAAAGTTTT	0	0	0	0	ATTTCTTATAGGTGTCTGTGA	4.0
chr2	47703588	47703589	T	C	+	< 0.1	0	Germ Cell Tumor	100	2:g.47703589T>C	ENST00000233146.2:c.2089T>C		T>C	MSH2	MSH2	Missense	Germline - Pathogenic	H	C697R	196	AAATTGGGTGTTTTGTGCCATGTGAGTCAGCAGAAGTGTCC	0	0	0	0	TTTTGTGCCATGTGAGTCAGC	4.0
chr2	47703546	47703547	G	A	+	< 0.1	0	Colorectal Adenocarcinoma	100	2:g.47703547G>A	ENST00000233146.2:c.2047G>A		G>A	MSH2	MSH2	Missense	Germline - Pathogenic	H	G683R	197	CAACATATATTCGACAAACTGGGGTGATAGTACTCATGGCC	0	0	0	0	TCGACAAACTGGGGTGATAGT	6.0
chr2	47703537	47703538	C	T	+	< 0.1	0	Pancreatic Adenocarcinoma	-	2:g.47703538C>T	ENST00000233146.2:c.2038C>T	4e-06	C>T	MSH2	MSH2	Nonsense	Germline - Pathogenic	H	R680*	198	GAGGTAAATCAACATATATTCGACAAACTGGGGTGATAGTA	0	0	0	0	AACATATATTCGACAAACTGG	5.0
chr2	47702409	47702410	G	A	+	< 0.1	0	Small Bowel Cancer	100	2:g.47702410G>A	ENST00000233146.2:c.2005+1G>A		G>A	MSH2	MSH2	Splice	Germline - Pathogenic	H	X669_splice	199	GATGTTCCACATCATTACTGGTAAAAAACCTGGTTTTTGGG	0	0	0	0	ATCATTACTGGTAAAAAACCT	9.0
chr2	47702371	47702372	C	G	+	< 0.1	0	Esophagogastric Cancer	100	2:g.47702372C>G	ENST00000233146.2:c.1968C>G		C>G	MSH2	MSH2	Nonsense	Germline - Pathogenic	H	Y656*	200	TTTATTCCTAATGACGTATACTTTGAAAAAGATAAACAGAT	0	0	0	0	ATGACGTATACTTTGAAAAAG	
chr2	47702309	47702310	G	C	+	0.1	0	Adrenocortical Carcinoma, Bladder Cancer, Colorectal Adenocarcinoma, Pancreatic Adenocarcinoma, Prostate Cancer	77.8	2:g.47702310G>C	ENST00000233146.2:c.1906G>C	1.8e-05	G>C	MSH2	MSH2	Missense	Germline - Pathogenic	H	A636P	201	AAGGAAGAATTATATTAAAAGCATCCAGGCATGCTTGTGTT	0	0	0	0	TATATTAAAAGCATCCAGGCA	
chr2	47657058	47657059	C	T	+	< 0.1	0	Bladder Cancer	100	2:g.47657059C>T	ENST00000233146.2:c.1255C>T		C>T	MSH2	MSH2	Nonsense	Germline - Pathogenic	H	Q419*	204	ATCAACTACCTAATGTTATACAGGCTCTGGAAAAACATGAA	0	0	0	0	TAATGTTATACAGGCTCTGGA	7.0
chr2	47657019	47657020	C	T	+	< 0.1	0	Bladder Cancer, Soft Tissue Sarcoma, Prostate Cancer	100	2:g.47657020C>T	ENST00000233146.2:c.1216C>T		C>T	MSH2	MSH2	Nonsense	Germline - Pathogenic	H	R406*	206	CAAACTTACAAGATTGTTACCGACTCTATCAGGGTATAAAT	0	0	0	0	AGATTGTTACCGACTCTATCA	7.0
chr2	47643537	47643538	C	G	+	< 0.1	0	Bladder Cancer	100	2:g.47643538C>G	ENST00000233146.2:c.1046C>G		C>G	MSH2	MSH2	Missense	Germline - Pathogenic	H	P349R	207	TAACCAGTGGATTAAGCAGCCTCTCATGGATAAGAACAGAA	0	0	0	0	ATTAAGCAGCCTCTCATGGAT	
chr16	23646926	23646927	C	T	-	< 0.1	0	Bladder Cancer	-	16:g.23646927G>A	ENST00000261584.4:c.940C>T		C>T	PALB2	PALB2	Nonsense	Germline - Pathogenic	H	Q314*	208	AAGCTATAAGTAAAAGTGGCCAACTGCCCACAAGTTCTAAT	0	0	0	0	TAAAAGTGGCCAACTGCCCAC	3.0
chr16	23647297	23647298	C	G	-	< 0.1	0	Diffuse Glioma	-	16:g.23647298G>C	ENST00000261584.4:c.569C>G		C>G	PALB2	PALB2	Nonsense	Germline - Pathogenic	H	S190*	211	TAGCAAAAATCCTGCTAGATCACCAGTAACTGAAATAAGAA	0	0	0	0	CCTGCTAGATCACCAGTAACT	
chr16	23649451	23649452	A	G	-	< 0.1	0	Prostate Cancer	100	16:g.23649452T>C	ENST00000261584.4:c.49-2A>G		A>G	PALB2	PALB2	Splice	Germline - Pathogenic	H	X17_splice	213	GTTGGTGTTTTTCTTCTTCCAGTTAAAGGAGAAATTAGCAT	0	0	0	0	TTCTTCTTCCAGTTAAAGGAG	4.0
chr16	23614791	23614792	C	G	-	< 0.1	0	Cholangiocarcinoma	-	16:g.23614792G>C	ENST00000261584.4:c.3549C>G	1.6e-05	C>G	PALB2	PALB2	Nonsense	Germline - Pathogenic	H	Y1183*	215	GATGGAAATATATTTGTATACCACTATTCATAAGTTAGGGT	0	0	0	0	TATTTGTATACCACTATTCAT	
chr16	23614791	23614792	C	A	-	< 0.1	0	Thyroid Cancer, Germ Cell Tumor	-	16:g.23614792G>T	ENST00000261584.4:c.3549C>A	4e-06	C>A	PALB2	PALB2	Nonsense	Germline - Pathogenic	H	Y1183*	216	GATGGAAATATATTTGTATACCACTATTCATAAGTTAGGGT	0	0	0	0	TATTTGTATACCACTATTCAT	
chr16	23619278	23619279	C	T	-	< 0.1	0	Non-Small Cell Lung Cancer	-	16:g.23619279G>A	ENST00000261584.4:c.3256C>T	2e-05	C>T	PALB2	PALB2	Nonsense	Germline - Pathogenic	H	R1086*	220	CCAAAGAGAGTGAGTCGTTGCGAAGCCCTGTGTTTCAGCTC	0	0	0	0	TGAGTCGTTGCGAAGCCCTGT	6.0
chr16	23619300	23619301	T	A	-	< 0.1	0	Renal Non-Clear Cell Carcinoma	100	16:g.23619301A>T	ENST00000261584.4:c.3234T>A		T>A	PALB2	PALB2	Nonsense	Germline - Pathogenic	H	C1078*	221	ATTGTCCTGAGTCATCCCTGTGCCAAAGAGAGTGAGTCGTT	0	0	0	0	GTCATCCCTGTGCCAAAGAGA	
chr16	23634317	23634318	G	T	-	< 0.1	0	Non-cutaneous Melanoma	-	16:g.23634318C>A	ENST00000261584.4:c.2968G>T	8e-06	G>T	PALB2	PALB2	Nonsense	Germline - Pathogenic	H	E990*	224	CCCTTTCTGATCAACAAGTAGAAGTCATGACGTTTGCAGAA	0	0	0	0	TCAACAAGTAGAAGTCATGAC	
chr16	23646295	23646296	C	G	-	< 0.1	0	Invasive Breast Carcinoma	100	16:g.23646296G>C	ENST00000261584.4:c.1571C>G		C>G	PALB2	PALB2	Nonsense	Germline - Pathogenic	H	S524*	235	ATCAGCCTGCACCCCAGCATCAGATCATTGTGAACCACTTT	0	0	0	0	ACCCCAGCATCAGATCATTGT	
chr16	23646415	23646416	T	A	-	< 0.1	0	Invasive Breast Carcinoma	100	16:g.23646416A>T	ENST00000261584.4:c.1451T>A		T>A	PALB2	PALB2	Nonsense	Germline - Pathogenic	H	L484*	236	CTCTCAGAAACTTCTCTCATTAACTAAAGTCAGCTCTCCCG	0	0	0	0	CTTCTCTCATTAACTAAAGTC	
chr17	7579413	7579414	G	A	-	< 0.1	0	Embryonal Tumor, Non-Small Cell Lung Cancer	100	17:g.7579414C>T	ENST00000269305.4:c.273G>A		G>A	TP53	TP53	Nonsense	Germline - Pathogenic	H	W91*	239	CCTGCACCAGCCCCCTCCTGGCCCCTGTCATCTTCTGTCCC	0	0	0	0	CCCCCTCCTGGCCCCTGTCAT	1.0
chr17	7579312	7579313	C	T	-	< 0.1	0	Bladder Cancer	-	17:g.7579313G>A	ENST00000269305.4:c.374C>T	3.2e-05	C>T	TP53	TP53	Missense	Germline - Pathogenic	H	T125M	240	AGCCAAGTCTGTGACTTGCACGGTCAGTTGCCCTGAGGGGC	0	0	0	0	GTGACTTGCACGGTCAGTTGC	6.0
chr17	7579311	7579312	G	T	-	< 0.1	0	Invasive Breast Carcinoma	100	17:g.7579312C>A	ENST00000269305.4:c.375G>T		G>T	TP53	TP53	Splice	Germline - Pathogenic	H	X125_splice	242	GCCAAGTCTGTGACTTGCACGGTCAGTTGCCCTGAGGGGCT	0	0	0	0	TGACTTGCACGGTCAGTTGCC	
chr17	7578507	7578508	G	A	-	< 0.1	0	Uterine Sarcoma	-	17:g.7578508C>T	ENST00000269305.4:c.422G>A		G>A	TP53	TP53	Missense	Germline - Pathogenic	H	C141Y	243	TTGCCAACTGGCCAAGACCTGCCCTGTGCAGCTGTGGGTTG	0	0	0	0	GCCAAGACCTGCCCTGTGCAG	4.0
chr17	7578448	7578449	G	A	-	< 0.1	0	Bone Cancer	100	17:g.7578449C>T	ENST00000269305.4:c.481G>A		G>A	TP53	TP53	Missense	Germline - Pathogenic	H	A161T	244	GCACCCGCGTCCGCGCCATGGCCATCTACAAGCAGTCACAG	0	0	0	0	CCGCGCCATGGCCATCTACAA	5.0
chr17	7578405	7578406	G	A	-	< 0.1	0	Soft Tissue Sarcoma	100	17:g.7578406C>T	ENST00000269305.4:c.524G>A	4e-06	G>A	TP53	TP53	Missense	Germline - Pathogenic	H	R175H	245	CATGACGGAGGTTGTGAGGCGCTGCCCCCACCATGAGCGCT	0	0	0	0	GTTGTGAGGCGCTGCCCCCAC	2.0
chr17	7578402	7578403	G	T	-	< 0.1	0	Diffuse Glioma	100	17:g.7578403C>A	ENST00000269305.4:c.527G>T	4e-06	G>T	TP53	TP53	Missense	Germline - Pathogenic	H	C176F	246	GACGGAGGTTGTGAGGCGCTGCCCCCACCATGAGCGCTGCT	0	0	0	0	GTGAGGCGCTGCCCCCACCAT	
chr17	7578387	7578388	G	A	-	< 0.1	0	Soft Tissue Sarcoma, Non-Small Cell Lung Cancer	-	17:g.7578388C>T	ENST00000269305.4:c.542G>A	1.4e-05	G>A	TP53	TP53	Missense	Germline - Pathogenic	H	R181H	247	GCGCTGCCCCCACCATGAGCGCTGCTCAGATAGCGATGGTG	0	0	0	0	CACCATGAGCGCTGCTCAGAT	5.0
chr17	7578262	7578263	C	T	-	< 0.1	0	Invasive Breast Carcinoma	100	17:g.7578263G>A	ENST00000269305.4:c.586C>T	4e-06	C>T	TP53	TP53	Nonsense	Germline - Pathogenic	H	R196*	248	CCCCTCCTCAGCATCTTATCCGAGTGGAAGGAAATTTGCGT	0	0	0	0	GCATCTTATCCGAGTGGAAGG	5.0
chr17	7578210	7578211	G	A	-	< 0.1	0	Invasive Breast Carcinoma	100	17:g.7578211C>T	ENST00000269305.4:c.638G>A	4e-06	G>A	TP53	TP53	Missense	Germline - Pathogenic	H	R213Q	249	GGATGACAGAAACACTTTTCGACATAGTGTGGTGGTGCCCT	0	0	0	0	AACACTTTTCGACATAGTGTG	6.0
chr17	7577567	7577568	G	C	-	< 0.1	0	Soft Tissue Sarcoma	100	17:g.7577568C>G	ENST00000269305.4:c.713G>C		G>C	TP53	TP53	Missense	Germline - Pathogenic	H	C238S	252	CATCCACTACAACTACATGTGTAACAGTTCCTGCATGGGCG	0	0	0	0	AACTACATGTGTAACAGTTCC	
chr17	7577547	7577548	G	A	-	< 0.1	0	Non-Small Cell Lung Cancer	100	17:g.7577548C>T	ENST00000269305.4:c.733G>A	3.5e-06	G>A	TP53	TP53	Missense	Germline - Pathogenic	H	G245S	253	GTAACAGTTCCTGCATGGGCGGCATGAACCGGAGGCCCATC	0	0	0	0	CTGCATGGGCGGCATGAACCG	4.0
chr17	7577537	7577538	G	A	-	< 0.1	0	Soft Tissue Sarcoma, Invasive Breast Carcinoma	100	17:g.7577538C>T	ENST00000269305.4:c.743G>A	1.2e-05	G>A	TP53	TP53	Missense	Germline - Pathogenic	H	R248Q	254	CTGCATGGGCGGCATGAACCGGAGGCCCATCCTCACCATCA	0	0	0	0	GGCATGAACCGGAGGCCCATC	5.0
chr17	7577538	7577539	C	T	-	< 0.1	0	Non-Small Cell Lung Cancer	100	17:g.7577539G>A	ENST00000269305.4:c.742C>T	4e-06	C>T	TP53	TP53	Missense	Germline - Pathogenic	H	R248W	255	CCTGCATGGGCGGCATGAACCGGAGGCCCATCCTCACCATC	0	0	0	0	CGGCATGAACCGGAGGCCCAT	2.0
chr17	7577093	7577094	C	G	-	< 0.1	0	Esophagogastric Cancer	100	17:g.7577094G>C	ENST00000269305.4:c.844C>G		C>G	TP53	TP53	Missense	Germline - Pathogenic	H	R282G	256	GTGCCTGTCCTGGGAGAGACCGGCGCACAGAGGAAGAGAAT	0	0	0	0	TGGGAGAGACCGGCGCACAGA	
chr17	7577021	7577022	C	T	-	< 0.1	0	Bone Cancer, Soft Tissue Sarcoma	100	17:g.7577022G>A	ENST00000269305.4:c.916C>T		C>T	TP53	TP53	Nonsense	Germline - Pathogenic	H	R306*	257	TGCCCCCAGGGAGCACTAAGCGAGGTAAGCAAGCAGGACAA	0	0	0	0	GAGCACTAAGCGAGGTAAGCA	2.0
chr17	7577017	7577018	G	C	-	< 0.1	0	Colorectal Adenocarcinoma	-	17:g.7577018C>G	ENST00000269305.4:c.919+1G>C		G>C	TP53	TP53	Splice	Germline - Pathogenic	H	X307_splice	258	CCCAGGGAGCACTAAGCGAGGTAAGCAAGCAGGACAAGAAG	0	0	0	0	ACTAAGCGAGGTAAGCAAGCA	
chr17	7574017	7574018	C	T	-	< 0.1	0	Uterine Sarcoma	-	17:g.7574018G>A	ENST00000269305.4:c.1009C>T	0.0	C>T	TP53	TP53	Missense	Germline - Pathogenic	H	R337C	259	TGCAGATCCGTGGGCGTGAGCGCTTCGAGATGTTCCGAGAG	0	0	0	0	TGGGCGTGAGCGCTTCGAGAT	5.0
chr17	7574016	7574017	G	A	-	< 0.1	0	Prostate Cancer	-	17:g.7574017C>T	ENST00000269305.4:c.1010G>A	1.2e-05	G>A	TP53	TP53	Missense	Germline - Pathogenic	H	R337H	260	GCAGATCCGTGGGCGTGAGCGCTTCGAGATGTTCCGAGAGC	0	0	0	0	GGGCGTGAGCGCTTCGAGATG	3.0
chr2	48033779	48033780	C	T	+	< 0.1	0	Endometrial Carcinoma	100	2:g.48033780C>T	ENST00000234420.5:c.3991C>T	4.1e-06	C>T	MSH6	MSH6	Nonsense	Germline - Pathogenic	H	R1331*	263	AGAAGATGAATCAGTCACTACGATTATTTCGGTAACTAACT	0	0	0	0	TCAGTCACTACGATTATTTCG	8.0
chr2	48032072	48032073	C	T	+	< 0.1	0	Bladder Cancer	100	2:g.48032073C>T	ENST00000234420.5:c.3463C>T		C>T	MSH6	MSH6	Nonsense	Germline - Pathogenic	H	Q1155*	270	GCTTATTAGCTGTAATGGCCCAGATGGGTTGTTACGTCCCT	0	0	0	0	TGTAATGGCCCAGATGGGTTG	6.0
chr2	48030653	48030654	G	T	+	< 0.1	0	Pancreatic Adenocarcinoma	100	2:g.48030654G>T	ENST00000234420.5:c.3268G>T		G>T	MSH6	MSH6	Nonsense	Germline - Pathogenic	H	E1090*	271	AAGATACCCCCCCCTTCTTAGAGCTTAAAGGATCACGCCAT	0	0	0	0	CCCCTTCTTAGAGCTTAAAGG	
chr2	48028224	48028225	C	T	+	< 0.1	0	Invasive Breast Carcinoma	-	2:g.48028225C>T	ENST00000234420.5:c.3103C>T	1.2e-05	C>T	MSH6	MSH6	Nonsense	Germline - Pathogenic	H	R1035*	275	CATTGAAGGACTGCATGCGGCGACTGTTCTATAACTTTGAT	0	0	0	0	CTGCATGCGGCGACTGTTCTA	6.0
chr2	48027983	48027984	C	G	+	< 0.1	0	Mesothelioma	100	2:g.48027984C>G	ENST00000234420.5:c.2862C>G		C>G	MSH6	MSH6	Nonsense	Germline - Pathogenic	H	Y954*	276	GAACAGAGCCTCCTGGAATACCTAGAGAAACAGCGCAACAG	0	0	0	0	TCCTGGAATACCTAGAGAAAC	
chr2	48027852	48027853	C	T	+	< 0.1	0	Renal Clear Cell Carcinoma	-	2:g.48027853C>T	ENST00000234420.5:c.2731C>T	3.2e-05	C>T	MSH6	MSH6	Nonsense	Germline - Pathogenic	H	R911*	277	ATTTGACTGTAGAATTGAACCGATGGGATACAGCCTTTGAC	0	0	0	0	AGAATTGAACCGATGGGATAC	4.0
chr2	48026363	48026364	G	A	+	< 0.1	0	Invasive Breast Carcinoma	-	2:g.48026364G>A	ENST00000234420.5:c.1242G>A		G>A	MSH6	MSH6	Nonsense	Germline - Pathogenic	H	W414*	281	CCTGGGATGAGGAAGTGGTGGCAGATTAAGTCTCAGAACTT	0	0	0	0	GGAAGTGGTGGCAGATTAAGT	6.0
chr3	52442053	52442054	G	A	-	< 0.1	0	Mesothelioma	100	3:g.52442054C>T	ENST00000460680.1:c.295G>A		G>A	BAP1	BAP1	Missense	Germline - Pathogenic	H	V99M	285	CAACTCATGCCTTGCTGAGCGTGCTCCTGAACTGCAGCAGC	0	0	0	0	CTTGCTGAGCGTGCTCCTGAA	3.0
chr3	52442007	52442008	G	A	-	< 0.1	0	Non-Small Cell Lung Cancer	100	3:g.52442008C>T	ENST00000460680.1:c.341G>A		G>A	BAP1	BAP1	Missense	Germline - Pathogenic	H	R114H	286	CCTGGGACCCACCCTGAGTCGCATGAAGGACTTCACCAAGG	0	0	0	0	ACCCTGAGTCGCATGAAGGAC	6.0
chr3	52441414	52441415	G	A	-	< 0.1	0	Renal Clear Cell Carcinoma	100	3:g.52441415C>T	ENST00000460680.1:c.437G>A		G>A	BAP1	BAP1	Missense	Germline - Pathogenic	H	R146K	287	GGCCCATAATAGCCATGCCAGGTGTGTGGGAGCTGTGGGAG	0	0	0	0	AGCCATGCCAGGTGTGTGGGA	4.0
chr3	52441413	52441414	G	T	-	< 0.1	0	Mesothelioma	-	3:g.52441414C>A	ENST00000460680.1:c.437+1G>T		G>T	BAP1	BAP1	Splice	Germline - Pathogenic	H	X146_splice	288	GCCCATAATAGCCATGCCAGGTGTGTGGGAGCTGTGGGAGC	0	0	0	0	GCCATGCCAGGTGTGTGGGAG	
chr3	52441188	52441189	G	A	-	< 0.1	0	Mesothelioma	100	3:g.52441189C>T	ENST00000460680.1:c.580+1G>A		G>A	BAP1	BAP1	Splice	Germline - Pathogenic	H	X194_splice	289	GGTCTACCCCATTGACCATGGTAGGCACCATGAGCTGGAGG	0	0	0	0	ATTGACCATGGTAGGCACCAT	6.0
chr3	52440916	52440917	G	A	-	< 0.1	0	Mesothelioma	100	3:g.52440917C>T	ENST00000460680.1:c.587G>A		G>A	BAP1	BAP1	Nonsense	Germline - Pathogenic	H	W196*	290	TTGGTCTCCACTAGGGCCCTGGGGGGAGGACGAGGAGTGGA	0	0	0	0	CTAGGGCCCTGGGGGGAGGAC	3.0
chr3	52439928	52439929	G	A	-	< 0.1	0	Cholangiocarcinoma	100	3:g.52439929C>T	ENST00000460680.1:c.784-1G>A		G>A	BAP1	BAP1	Splice	Germline - Pathogenic	H	X262_splice	292	AGCCCTGGATTCTGTTGTTAGCTGATAAGAGTAACACAGCC	0	0	0	0	TCTGTTGTTAGCTGATAAGAG	5.0
chr3	52439317	52439318	del		-	< 0.1	0	Non-Small Cell Lung Cancer	100	3:g.52439318del	ENST00000460680.1:c.932-8del		del	BAP1	BAP1	Splice	Germline - Pathogenic	H	X311_splice	294	nAn	-1	-1	-1	-1		
chr3	52438534	52438535	C	G	-	< 0.1	0	Non-cutaneous Melanoma	-	3:g.52438535G>C	ENST00000460680.1:c.1184C>G		C>G	BAP1	BAP1	Nonsense	Germline - Pathogenic	H	S395*	295	CCGCCCACCCCAGCAGTACTCAGATGATGAGGATGACTATG	0	0	0	0	CAGCAGTACTCAGATGATGAG	
chr3	52438515	52438516	T	G	-	< 0.1	0	Thyroid Cancer, Bladder Cancer, Invasive Breast Carcinoma	50	3:g.52438516A>C	ENST00000460680.1:c.1203T>G		T>G	BAP1	BAP1	Nonsense	Germline - Pathogenic	H	Y401*	296	TCAGATGATGAGGATGACTATGAGGATGACGAGGAGGATGA	0	0	0	0	AGGATGACTATGAGGATGACG	
chr3	52437266	52437267	C	T	-	< 0.1	0	Mesothelioma	-	3:g.52437267G>A	ENST00000460680.1:c.1777C>T		C>T	BAP1	BAP1	Nonsense	Germline - Pathogenic	H	Q593*	301	TCAGACCAATCCAAGGCAGCCAGGGGTCCAGCAGCCCAGTG	0	0	0	0	CCAAGGCAGCCAGGGGTCCAG	1.0
chr3	52436793	52436794	G	A	-	< 0.1	0	Renal Clear Cell Carcinoma	100	3:g.52436794C>T	ENST00000460680.1:c.1983+1G>A		G>A	BAP1	BAP1	Splice	Germline - Pathogenic	H	X661_splice	302	AGAAGAGGAAGAAGTTCAAGGTGGGTGATTTCTCCAGTTGC	0	0	0	0	GAAGTTCAAGGTGGGTGATTT	5.0
chr3	52436660	52436661	C	A	-	< 0.1	0	Mesothelioma	100	3:g.52436661G>T	ENST00000460680.1:c.2013C>A		C>A	BAP1	BAP1	Nonsense	Germline - Pathogenic	H	Y671*	304	CAGAGAAGGACCCACAACTACGATGAGTTCATCTGCACCTT	0	0	0	0	CCCACAACTACGATGAGTTCA	
chr17	29527460	29527461	C	T	+	< 0.1	0	Gastrointestinal Stromal Tumor	100	17:g.29527461C>T	ENST00000356175.3:c.910C>T	4e-06	C>T	NF1	NF1	Nonsense	Germline - Pathogenic	H	R304*	305	AGTTATTTCTGGACAGTCTACGAAAAGCTCTTGCTGGCCAT	0	0	0	0	GGACAGTCTACGAAAAGCTCT	4.0
chr17	29533377	29533378	C	T	+	< 0.1	0	Nerve Sheath Tumor	100	17:g.29533378C>T	ENST00000356175.3:c.1381C>T		C>T	NF1	NF1	Nonsense	Germline - Pathogenic	H	R461*	306	GTGGAGCACACCCAGCAATACGAATGGCACCGGTAAGATAA	0	0	0	0	CCCAGCAATACGAATGGCACC	2.0
chr17	29562745	29562746	C	T	+	< 0.1	0	Nerve Sheath Tumor	-	17:g.29562746C>T	ENST00000356175.3:c.3826C>T	4e-06	C>T	NF1	NF1	Nonsense	Germline - Pathogenic	H	R1276*	309	ACTCCATGCAGACTCTCTTCCGAGGCAACAGCTTGGCCAGT	0	0	0	0	GACTCTCTTCCGAGGCAACAG	4.0
chr17	29575999	29576000	A	G	+	< 0.1	0	Gastrointestinal Stromal Tumor	100	17:g.29576000A>G	ENST00000356175.3:c.3975-2A>G	4e-06	A>G	NF1	NF1	Splice	Germline - Pathogenic	H	X1325_splice	310	TTTTATTTTTATTTTTTTGTAGGTTAGAACCATCAGAGAGC	0	0	0	0	ATTTTTTTGTAGGTTAGAACC	4.0
chr17	29576104	29576105	C	T	+	< 0.1	0	Gastrointestinal Stromal Tumor	100	17:g.29576105C>T	ENST00000356175.3:c.4078C>T		C>T	NF1	NF1	Nonsense	Germline - Pathogenic	H	Q1360*	311	CCTCCTCAGAATTCCCCCCTCAACTTCGAAGTGTGTGCCAC	0	0	0	0	ATTCCCCCCTCAACTTCGAAG	5.0
chr17	29576110	29576111	C	T	+	< 0.1	0	Invasive Breast Carcinoma	-	17:g.29576111C>T	ENST00000356175.3:c.4084C>T	4e-06	C>T	NF1	NF1	Nonsense	Germline - Pathogenic	H	R1362*	313	CAGAATTCCCCCCTCAACTTCGAAGTGTGTGCCACTGTTTA	0	0	0	0	CCCTCAACTTCGAAGTGTGTG	6.0
chr17	29576133	29576134	C	A	+	< 0.1	0	Gastrointestinal Stromal Tumor	-	17:g.29576134C>A	ENST00000356175.3:c.4107C>A		C>A	NF1	NF1	Nonsense	Germline - Pathogenic	H	Y1369*	314	AGTGTGTGCCACTGTTTATACCAGGTATGCTTACAGTTAGA	0	0	0	0	ACTGTTTATACCAGGTATGCT	
chr17	29586056	29586057	A	G	+	< 0.1	0	Nerve Sheath Tumor	100	17:g.29586057A>G	ENST00000356175.3:c.4277A>G		A>G	NF1	NF1	Missense	Germline - Pathogenic	H	Q1426R	315	TTTTATTGTGTAGATACTTCAGAGTATTGCCAATCATGTTC	2	2	2	0	TAGATACTTCAGAGTATTGCC	4.0
chr17	29588750	29588751	C	T	+	< 0.1	0	Pancreatic Adenocarcinoma	100	17:g.29588751C>T	ENST00000356175.3:c.4537C>T	8e-06	C>T	NF1	NF1	Nonsense	Germline - Pathogenic	H	R1513*	316	ATCATAAAGCTGTTGGAAGACGACCTTTTGATAAGATGGCA	0	0	0	0	TGTTGGAAGACGACCTTTTGA	7.0
chr17	29652836	29652837	G	A	+	< 0.1	0	Gastrointestinal Stromal Tumor	100	17:g.29652837G>A	ENST00000356175.3:c.4773-1G>A		G>A	NF1	NF1	Splice	Germline - Pathogenic	H	X1591_splice	317	CTTTTTTGTCATTTTCCTTAGGTTCAAAACTGGTCAAATCA	0	0	0	0	ATTTTCCTTAGGTTCAAAACT	6.0
chr17	29654856	29654857	G	A	+	< 0.1	0	Nerve Sheath Tumor	-	17:g.29654857G>A	ENST00000356175.3:c.5546G>A		G>A	NF1	NF1	Missense	Germline - Pathogenic	H	R1849Q	319	CAGTTCTGACCCGAGTTTACGGTAGGTTTTTTAAAATTCTC	0	0	0	0	CCGAGTTTACGGTAGGTTTTT	3.0
chr17	29665756	29665757	C	G	+	< 0.1	0	Soft Tissue Sarcoma	-	17:g.29665757C>G	ENST00000356175.3:c.6792C>G	7.1e-06	C>G	NF1	NF1	Nonsense	Germline - Pathogenic	H	Y2264*	320	TTAAAAGGACCTGACACTTACAACAGTCAAGTTCTGATAGA	0	0	0	0	CTGACACTTACAACAGTCAAG	
chr17	29677226	29677227	C	T	+	< 0.1	0	Thymic Tumor	-	17:g.29677227C>T	ENST00000356175.3:c.7285C>T		C>T	NF1	NF1	Nonsense	Germline - Pathogenic	H	R2429*	321	TTACAGTGTCTGAAGAAGTTCGAAGTCGCTGCAGCCTAAAA	0	0	0	0	TGAAGAAGTTCGAAGTCGCTG	5.0
chr17	29684325	29684326	C	T	+	< 0.1	0	Pancreatic Adenocarcinoma	-	17:g.29684326C>T	ENST00000356175.3:c.7846C>T	0.0	C>T	NF1	NF1	Nonsense	Germline - Pathogenic	H	R2616*	322	CCACAGATGAGTTTGATCAACGAATTCTTTATGAATACTTA	0	0	0	0	GTTTGATCAACGAATTCTTTA	9.0
chr3	37038191	37038192	G	A	+	< 0.1	0	Bone Cancer, Colorectal Adenocarcinoma	100	3:g.37038192G>A	ENST00000231790.2:c.199G>A		G>A	MLH1	MLH1	Missense	Germline - Pathogenic	H	G67R	324	AGATCCAAGACAATGGCACCGGGATCAGGGTAAGTAAAACC	0	0	0	0	CAATGGCACCGGGATCAGGGT	5.0
chr3	37048553	37048554	G	A	+	< 0.1	0	Colorectal Adenocarcinoma	-	3:g.37048554G>A	ENST00000231790.2:c.453G>A	1.1e-05	G>A	MLH1	MLH1	Splice	Germline - Pathogenic	H	X151_splice	325	AATCAAGGGACCCAGATCACGGTAAGAATGGTACATGGGAG	0	0	0	0	CCCAGATCACGGTAAGAATGG	7.0
chr3	37056035	37056036	G	A	+	< 0.1	0	Colorectal Adenocarcinoma	100	3:g.37056036G>A	ENST00000231790.2:c.790+1G>A	0.0	G>A	MLH1	MLH1	Splice	Germline - Pathogenic	H	X264_splice	326	CTTCTTACTCTTCATCAACCGTAAGTTAAAAAGAACCACAT	0	0	0	0	TTCATCAACCGTAAGTTAAAA	9.0
chr3	37056036	37056037	T	C	+	< 0.1	0	Bladder Cancer	100	3:g.37056037T>C	ENST00000231790.2:c.790+2T>C		T>C	MLH1	MLH1	Splice	Germline - Pathogenic	H	X264_splice	327	TTCTTACTCTTCATCAACCGTAAGTTAAAAAGAACCACATG	0	0	0	0	TCATCAACCGTAAGTTAAAAA	4.0
chr3	37058998	37058999	C	T	+	< 0.1	0	Colorectal Adenocarcinoma	100	3:g.37058999C>T	ENST00000231790.2:c.793C>T		C>T	MLH1	MLH1	Missense	Germline - Pathogenic	H	R265C	329	TTTCTTTTTATTGTTTAGATCGTCTGGTAGAATCAACTTCC	0	0	0	0	TTGTTTAGATCGTCTGGTAGA	9.0
chr3	37059089	37059090	G	A	+	< 0.1	0	Endometrial Carcinoma	100	3:g.37059090G>A	ENST00000231790.2:c.884G>A		G>A	MLH1	MLH1	Missense	Germline - Pathogenic	H	S295N	331	ACACCCATTCCTGTACCTCAGGTAATGTAGCACCAAACTCC	0	0	0	0	CTGTACCTCAGGTAATGTAGC	5.0
chr3	37067421	37067422	C	T	+	< 0.1	0	Bone Cancer	-	3:g.37067422C>T	ENST00000231790.2:c.1333C>T		C>T	MLH1	MLH1	Nonsense	Germline - Pathogenic	H	Q445*	332	CTGAAGTGGCTGCCAAAAATCAGAGCTTGGAGGGGGATACA	0	0	0	0	TGCCAAAAATCAGAGCTTGGA	4.0
chr3	37067498	37067499	G	T	+	< 0.1	0	Cholangiocarcinoma	100	3:g.37067499G>T	ENST00000231790.2:c.1409+1G>T		G>T	MLH1	MLH1	Splice	Germline - Pathogenic	H	X470_splice	333	CCTACTTCCAGCAACCCCAGGTATGGCCTTTTGGGAAAAGT	0	0	0	0	GCAACCCCAGGTATGGCCTTT	
chr3	37083822	37083823	G	T	+	< 0.1	0	Endometrial Carcinoma	100	3:g.37083823G>T	ENST00000231790.2:c.1731+1G>T		G>T	MLH1	MLH1	Splice	Germline - Pathogenic	H	X577_splice	335	TTGGTGTTCTCAGGTTATCGGTAAGTTTAGATCCTTTTCAC	0	0	0	0	CAGGTTATCGGTAAGTTTAGA	
chr3	37083821	37083822	G	A	+	< 0.1	0	Small Bowel Cancer, Pancreatic Adenocarcinoma, Colorectal Adenocarcinoma	66.7	3:g.37083822G>A	ENST00000231790.2:c.1731G>A		G>A	MLH1	MLH1	Splice	Germline - Pathogenic	H	X577_splice	336	TTTGGTGTTCTCAGGTTATCGGTAAGTTTAGATCCTTTTCA	0	0	0	0	TCAGGTTATCGGTAAGTTTAG	5.0
chr3	37092066	37092067	A	T	+	< 0.1	0	Endometrial Carcinoma	100	3:g.37092067A>T	ENST00000231790.2:c.2194A>T		A>T	MLH1	MLH1	Nonsense	Germline - Pathogenic	H	K732*	339	GCTCACACATTCTGCCTCCTAAACATTTCACAGAAGATGGA	0	0	0	0	TCTGCCTCCTAAACATTTCAC	
chr5	223623	223624	C	T	+	0.1	0	Gastrointestinal Stromal Tumor, Embryonal Tumor, Renal Clear Cell Carcinoma, Thyroid Cancer, Germ Cell Tumor, Soft Tissue Sarcoma, Invasive Breast Carcinoma	50	5:g.223624C>T	ENST00000264932.6:c.91C>T	0.00021	C>T	SDHA	SDHA	Nonsense	Germline - Pathogenic	H	R31*	340	CAGTGTTGCAAACAGGAACCCGAGGTTTTCACTTCACTGTT	3	3	3	0	AACAGGAACCCGAGGTTTTCA	4.0
chr5	225674	225675	G	T	+	< 0.1	0	Non-Cholangio Hepatobiliary Cancer	-	5:g.225675G>T	ENST00000264932.6:c.454G>T	8e-06	G>T	SDHA	SDHA	Nonsense	Germline - Pathogenic	H	E152*	342	AGGCCCCCGCCGCCGTGGTCGAGGTGATGGGCGGGAGGCTC	1	1	0	0	CGCCGTGGTCGAGGTGATGGG	
chr5	226093	226094	C	T	+	< 0.1	0	Colorectal Adenocarcinoma	-	5:g.226094C>T	ENST00000264932.6:c.553C>T	8e-06	C>T	SDHA	SDHA	Nonsense	Germline - Pathogenic	H	Q185*	343	TCAAGTTTGGAAAGGGCGGGCAGGCCCATCGGTGCTGCTGT	2	2	2	0	AAAGGGCGGGCAGGCCCATCG	1.0
chr7	6048649	6048650	A	G	-	< 0.1	0	Endometrial Carcinoma	100	7:g.6048650T>C	ENST00000265849.7:c.1A>G		A>G	PMS2	PMS2	Nonstart	Germline - Pathogenic	H	M1?	347	GCGGATCGGGTGTTGCATCCATGGAGCGAGCTGAGAGCTCG	1	1	0	0	TGTTGCATCCATGGAGCGAGC	7.0
chr7	6045548	6045549	G	T	-	< 0.1	0	Cholangiocarcinoma, Head and Neck Cancer, Prostate Cancer, Invasive Breast Carcinoma, Non-Small Cell Lung Cancer	20	7:g.6045549C>A	ENST00000265849.7:c.137G>T		G>T	PMS2	PMS2	Missense	Germline - Pathogenic	H	S46I	348	AAAGGAGTTAGTAGAAAACAGTCTGGATGCTGGTGCCACTA	10	10	10	6	GTAGAAAACAGTCTGGATGCT	
chr7	6043689	6043690	G	C	-	< 0.1	0	Non-Small Cell Lung Cancer	-	7:g.6043690C>G	ENST00000265849.7:c.164-1G>C	4e-06	G>C	PMS2	PMS2	Splice	Germline - Pathogenic	H	X55_splice	349	TAAATATTTTAAACTTTCTAGATCTAAAGCTTAAGGACTAT	13	13	13	10	AAACTTTCTAGATCTAAAGCT	
chr7	6038906	6038907	G	C	-	< 0.1	0	Prostate Cancer	-	7:g.6038907C>G	ENST00000265849.7:c.538-1G>C		G>C	PMS2	PMS2	Splice	Germline - Pathogenic	H	X180_splice	350	GTGTTTGTGTTTTTTAAACAGGAGTATGCCAAAATGGTCCA	0	0	0	0	TTTTTAAACAGGAGTATGCCA	
chr7	6031648	6031649	G	A	-	< 0.1	0	Cholangiocarcinoma, Germ Cell Tumor	-	7:g.6031649G>A	ENST00000265849.7:c.943C>T		G>A	PMS2	PMS2	Nonsense	Germline - Pathogenic	H	R315*	353	AGGTCTACCACATGTATAATCGACACCAGTATCCATTTGTT	1	1	0	0	CATGTATAATCGACACCAGTA	8.0
chr7	6026468	6026469	C	T	-	< 0.1	0	Colorectal Adenocarcinoma	100	7:g.6026469G>A	ENST00000265849.7:c.1927C>T		C>T	PMS2	PMS2	Nonsense	Germline - Pathogenic	H	Q643*	357	CACAGCAAAGTGAAGGGGAACAGAATTACAGGAAGTTTAGG	1	1	1	1	TGAAGGGGAACAGAATTACAG	3.0
chr3	10183599	10183600	C	A	+	< 0.1	0	Bone Cancer	-	3:g.10183600C>A	ENST00000256474.2:c.69C>A		C>A	VHL	VHL	Nonsense	Germline - Pathogenic	H	Y23*	358	GAGGCAGGCGTCGAAGAGTACGGCCCTGAAGAAGACGGCGG	0	0	0	0	TCGAAGAGTACGGCCCTGAAG	
chr3	10183684	10183685	G	T	+	< 0.1	0	Lung Neuroendocrine Tumor, Renal Clear Cell Carcinoma, Soft Tissue Sarcoma, Invasive Breast Carcinoma	66.7	3:g.10183685G>T	ENST00000256474.2:c.154G>T	1.8e-05	G>T	VHL	VHL	Nonsense	Germline - Pathogenic	H	E52*	359	CGGAGGAACTGGGCGCCGAGGAGGAGATGGAGGCCGGGCGG	0	0	0	0	GGGCGCCGAGGAGGAGATGGA	
chr3	10183772	10183773	C	T	+	< 0.1	0	Prostate Cancer	100	3:g.10183773C>T	ENST00000256474.2:c.242C>T	4.3e-06	C>T	VHL	VHL	Missense	Germline - Pathogenic	H	P81L	360	CATCTTCTGCAATCGCAGTCCGCGCGTCGTGCTGCCCGTAT	0	0	0	0	AATCGCAGTCCGCGCGTCGTG	4.0
chr3	10183787	10183788	C	T	+	< 0.1	0	Pancreatic Neuroendocrine Tumor	-	3:g.10183788C>T	ENST00000256474.2:c.257C>T		C>T	VHL	VHL	Missense	Germline - Pathogenic	H	P86L	362	CAGTCCGCGCGTCGTGCTGCCCGTATGGCTCAACTTCGACG	0	0	0	0	GTCGTGCTGCCCGTATGGCTC	6.0
chr3	10183822	10183823	T	C	+	< 0.1	0	Renal Clear Cell Carcinoma	100	3:g.10183823T>C	ENST00000256474.2:c.292T>C	1.3e-05	T>C	VHL	VHL	Missense	Germline - Pathogenic	H	Y98H	363	TCGACGGCGAGCCGCAGCCCTACCCAACGCTGCCGCCTGGC	0	0	0	0	GCCGCAGCCCTACCCAACGCT	11.0
chr3	10188232	10188233	G	T	+	< 0.1	0	Colorectal Adenocarcinoma	-	3:g.10188233G>T	ENST00000256474.2:c.376G>T		G>T	VHL	VHL	Missense	Germline - Pathogenic	H	D126Y	364	TCAGAGATGCAGGGACACACGATGGGCTTCTGGTTAACCAA	0	0	0	0	AGGGACACACGATGGGCTTCT	
chr3	10191488	10191489	G	A	+	< 0.1	0	Bone Cancer, Colorectal Adenocarcinoma	50	3:g.10191489G>A	ENST00000256474.2:c.482G>A		G>A	VHL	VHL	Missense	Germline - Pathogenic	H	R161Q	365	AGTGTATACTCTGAAAGAGCGATGCCTCCAGGTTGTCCGGA	0	0	0	0	CTGAAAGAGCGATGCCTCCAG	6.0
chr3	10191505	10191506	C	T	+	< 0.1	0	Renal Clear Cell Carcinoma	100	3:g.10191506C>T	ENST00000256474.2:c.499C>T	8e-06	C>T	VHL	VHL	Missense	Germline - Pathogenic	H	R167W	366	AGCGATGCCTCCAGGTTGTCCGGAGCCTAGTCAAGCCTGAG	0	0	0	0	CCAGGTTGTCCGGAGCCTAGT	5.0
chr3	10191604	10191605	C	T	+	< 0.1	0	Esophagogastric Cancer, Endometrial Carcinoma	-	3:g.10191605C>T	ENST00000256474.2:c.598C>T	0.0002	C>T	VHL	VHL	Missense	Germline - Pathogenic	U	R200W	367	ATGTGCAGAAAGACCTGGAGCGGCTGACACAGGAGCGCATT	0	0	0	0	AGACCTGGAGCGGCTGACACA	2.0
chr1	17380441	17380442	G	T	-	< 0.1	0	Renal Non-Clear Cell Carcinoma	100	1:g.17380442C>A	ENST00000375499.3:c.72+1G>T	1.2e-05	G>T	SDHB	SDHB	Splice	Germline - Pathogenic	H	X24_splice	368	TTGGCGGAGCCTGCCTGCAGGTGAGTCCTGGAGCCTCAGAG	0	0	0	0	CTGCCTGCAGGTGAGTCCTGG	
chr1	17371318	17371319	G	A	-	< 0.1	0	Gastrointestinal Stromal Tumor	-	1:g.17371319C>T	ENST00000375499.3:c.137G>A	4e-06	G>A	SDHB	SDHB	Missense	Germline - Pathogenic	H	R46Q	369	CAAGAAATTTGCCATCTATCGATGGGACCCAGACAAGGCTG	0	0	0	0	GCCATCTATCGATGGGACCCA	5.0
chr1	17359571	17359572	G	A	-	< 0.1	0	Soft Tissue Sarcoma	-	1:g.17359572C>T	ENST00000375499.3:c.269G>A	1.1e-05	G>A	SDHB	SDHB	Missense	Germline - Pathogenic	H	R90Q	370	TGACTCTACTTTGACCTTCCGAAGATCATGCAGAGAAGGTG	0	0	0	0	TTGACCTTCCGAAGATCATGC	5.0
chr1	17355231	17355232	G	C	-	< 0.1	0	Gastrointestinal Stromal Tumor	100	1:g.17355232C>G	ENST00000375499.3:c.287-1G>C		G>C	SDHB	SDHB	Splice	Germline - Pathogenic	H	X96_splice	371	TTAAATGTGTGTCTCTTTCAGGCATCTGTGGCTCTTGTGCA	0	0	0	0	GTCTCTTTCAGGCATCTGTGG	
chr1	17355137	17355138	T	G	-	< 0.1	0	Renal Non-Clear Cell Carcinoma	100	1:g.17355138A>C	ENST00000375499.3:c.380T>G	1.2e-05	T>G	SDHB	SDHB	Missense	Germline - Pathogenic	H	I127S	372	CCTCAATAAGGTCTCAAAAATCTACCCTCTTCCACACATGT	0	0	0	0	GTCTCAAAAATCTACCCTCTT	
chr1	17350522	17350523	G	A	-	< 0.1	0	Renal Non-Clear Cell Carcinoma	100	1:g.17350523C>T	ENST00000375499.3:c.587G>A		G>A	SDHB	SDHB	Missense	Germline - Pathogenic	H	C196Y	374	TGCCTGCTGTAGCACCAGCTGCCCCAGCTACTGGTGGAACG	0	0	0	0	AGCACCAGCTGCCCCAGCTAC	5.0
chr1	17350519	17350520	C	G	-	< 0.1	0	Gastrointestinal Stromal Tumor	-	1:g.17350520G>C	ENST00000375499.3:c.590C>G	4e-06	C>G	SDHB	SDHB	Missense	Germline - Pathogenic	H	P197R	375	CTGCTGTAGCACCAGCTGCCCCAGCTACTGGTGGAACGGAG	0	0	0	0	ACCAGCTGCCCCAGCTACTGG	
chr1	17350509	17350510	G	T	-	< 0.1	0	Anal Cancer	50	1:g.17350510C>A	ENST00000375499.3:c.600G>T		G>T	SDHB	SDHB	Missense	Germline - Pathogenic	H	W200C	376	ACCAGCTGCCCCAGCTACTGGTGGAACGGAGACAAATATCT	0	0	0	0	CCAGCTACTGGTGGAACGGAG	
chr17	17129637	17129638	A	G	-	< 0.1	0	Renal Non-Clear Cell Carcinoma, Diffuse Glioma	50	17:g.17129638T>C	ENST00000285071.4:c.250-2A>G		A>G	FLCN	FLCN	Splice	Germline - Pathogenic	H	X84_splice	378	TACTTTTCCTTTTCATGGACAGGGCTGCCGGTCACTTGCTG	0	0	0	0	TTTCATGGACAGGGCTGCCGG	8.0
chr17	17119778	17119779	C	G	-	< 0.1	0	Renal Non-Clear Cell Carcinoma	100	17:g.17119779G>C	ENST00000285071.4:c.1215C>G		C>G	FLCN	FLCN	Nonsense	Germline - Pathogenic	H	Y405*	381	TGCGTCCGCATCATCCCATACAGCAGCCAGTACGAGGAGGC	0	0	0	0	TCATCCCATACAGCAGCCAGT	
chr17	17119693	17119694	G	T	-	< 0.1	0	Soft Tissue Sarcoma, Non-Small Cell Lung Cancer	-	17:g.17119694C>A	ENST00000285071.4:c.1300G>T		G>T	FLCN	FLCN	Nonsense	Germline - Pathogenic	H	E434*	384	CCCCCCACGTGCTCTCCTCAGGTGCGTGCCCCCGCGGGCTG	0	0	0	0	GCTCTCCTCAGGTGCGTGCCC	
chr16	68835796	68835797	G	A	+	< 0.1	0	Colorectal Adenocarcinoma	-	16:g.68835797G>A	ENST00000261769.5:c.387+1G>A		G>A	CDH1	CDH1	Splice	Germline - Pathogenic	H	X129_splice	386	ACCGCCCCCCGCCCCATCAGGTATGTTGGCATTTTTCTGAG	0	0	0	0	GCCCCATCAGGTATGTTGGCA	4.0
chr16	68842594	68842595	G	A	+	< 0.1	0	Esophagogastric Cancer	-	16:g.68842595G>A	ENST00000261769.5:c.532-1G>A		G>A	CDH1	CDH1	Splice	Germline - Pathogenic	H	X178_splice	387	TTTCTTTCATTTTGTCTTCAGATCAAATCCAACAAAGACAA	0	0	0	0	TTTGTCTTCAGATCAAATCCA	6.0
chr16	68844126	68844127	G	A	+	< 0.1	0	Esophagogastric Cancer	100	16:g.68844127G>A	ENST00000261769.5:c.715G>A		G>A	CDH1	CDH1	Missense	Germline - Pathogenic	H	G239R	388	CTCACGCTGTGTCATCCAACGGGAATGCAGTTGAGGATCCA	0	0	0	0	GTCATCCAACGGGAATGCAGT	6.0
chr16	68857459	68857460	C	T	+	< 0.1	0	Soft Tissue Sarcoma	-	16:g.68857460C>T	ENST00000261769.5:c.2095C>T		C>T	CDH1	CDH1	Nonsense	Germline - Pathogenic	H	Q699*	393	CTGGCGTCTGTAGGAAGGCACAGCCTGTCGAAGCAGGATTG	0	0	0	0	TAGGAAGGCACAGCCTGTCGA	3.0
chr16	68862198	68862199	G	T	+	< 0.1	0	Non-cutaneous Melanoma	-	16:g.68862199G>T	ENST00000261769.5:c.2287G>T		G>T	CDH1	CDH1	Nonsense	Germline - Pathogenic	H	E763*	394	ATGAAGAAGGAGGCGGAGAAGAGGACCAGGTGGGTTTTGAA	0	0	0	0	AGGCGGAGAAGAGGACCAGGT	
chr13	48942684	48942685	C	T	+	< 0.1	0	Retinoblastoma	100	13:g.48942685C>T	ENST00000267163.4:c.1072C>T		C>T	RB1	RB1	Nonsense	Germline - Pathogenic	H	R358*	399	TTGAAACACAGAGAACACCACGAAAAAGTAACCTTGATGAA	0	0	0	0	GAGAACACCACGAAAAAGTAA	1.0
chr13	48953729	48953730	C	T	+	< 0.1	0	Soft Tissue Sarcoma	100	13:g.48953730C>T	ENST00000267163.4:c.1333C>T	4e-06	C>T	RB1	RB1	Nonsense	Germline - Pathogenic	H	R445*	400	TTCTTTTTGTTTGTTTGTAGCGATACAAACTTGGAGTTCGC	0	0	0	0	TTGTTTGTAGCGATACAAACT	8.0
chr13	48955451	48955452	T	A	+	< 0.1	0	Bone Cancer	100	13:g.48955452T>A	ENST00000267163.4:c.1568T>A		T>A	RB1	RB1	Nonsense	Germline - Pathogenic	H	L523*	401	GATTCTGAATGTGCTTAATTTAAAAGCCTTTGATTTTTACA	0	0	0	0	GTGCTTAATTTAAAAGCCTTT	
chr16	2098721	2098722	A	G	+	< 0.1	0	Non-Small Cell Lung Cancer	-	16:g.2098722A>G	ENST00000219476.3:c.106A>G	8e-06	A>G	TSC2	TSC2	Missense	Germline - Pathogenic	H	T36A	404	GGTCTGCAGAGGGTAAACAGACGGAGTTTATCATCACCGCG	0	0	0	0	GGGTAAACAGACGGAGTTTAT	7.0
chr16	2122256	2122257	G	A	+	< 0.1	0	Invasive Breast Carcinoma	-	16:g.2122257G>A	ENST00000219476.3:c.2113G>A		G>A	TSC2	TSC2	Missense	Germline - Pathogenic	H	V705M	405	CGCAGGAGTCTGACTGGAAGGTGCTGAAGCTGGTTCTGGGC	0	0	0	0	TGACTGGAAGGTGCTGAAGCT	5.0
chr16	2130365	2130366	C	T	+	< 0.1	0	Pancreatic Neuroendocrine Tumor	100	16:g.2130366C>T	ENST00000219476.3:c.3598C>T	3.2e-05	C>T	TSC2	TSC2	Missense	Germline - Pathogenic	H	R1200W	406	GCTGGGCGGAGATCCTGGTCCGGAGGCCCACAGGTACTGGG	0	0	0	0	GATCCTGGTCCGGAGGCCCAC	3.0
chr16	2132477	2132478	C	T	+	< 0.1	0	Cholangiocarcinoma	-	16:g.2132478C>T	ENST00000219476.3:c.3856C>T		C>T	TSC2	TSC2	Nonsense	Germline - Pathogenic	H	Q1286*	408	ACCAGTCCAGCTGCCAAGGACAGCTGCACAGGAGCGTTTCC	0	0	0	0	CTGCCAAGGACAGCTGCACAG	2.0
chr16	2138089	2138090	T	A	+	< 0.1	0	Diffuse Glioma	100	16:g.2138090T>A	ENST00000219476.3:c.5110T>A	7.1e-06	T>A	TSC2	TSC2	Missense	Germline - Pathogenic	H	S1704T	410	CCAGCGTGGCCAAGATCGTGTCTGACCGCAACCTGCCCTTC	0	0	0	0	CAAGATCGTGTCTGACCGCAA	
chr10	43609102	43609103	G	A	+	< 0.1	0	Thyroid Cancer	-	10:g.43609103G>A	ENST00000355710.3:c.1859G>A		G>A	RET	RET	Missense	Germline - Pathogenic	H	C620Y	411	TGAGGAGGAGAAGTGCTTCTGCGAGCCCGAAGACATCCAGG	0	0	0	0	AAGTGCTTCTGCGAGCCCGAA	5.0
chr10	43609948	43609949	G	A	+	< 0.1	0	Thyroid Cancer	100	10:g.43609949G>A	ENST00000355710.3:c.1901G>A		G>A	RET	RET	Missense	Germline - Pathogenic	H	C634Y	412	TCCACTGTGCGACGAGCTGTGCCGCACGGTGATCGCAGCCG	0	0	0	0	GACGAGCTGTGCCGCACGGTG	3.0
chr10	43613905	43613906	G	T	+	< 0.1	0	Head and Neck Cancer	-	10:g.43613906G>T	ENST00000355710.3:c.2370G>T		G>T	RET	RET	Missense	Germline - Pathogenic	H	L790F	413	CACCCACATGTCATCAAATTGTATGGGGCCTGCAGCCAGGA	0	0	0	0	TCATCAAATTGTATGGGGCCT	
chr10	43614995	43614996	G	A	+	< 0.1	0	Thyroid Cancer, Cutaneous Melanoma, Colorectal Adenocarcinoma	33.3	10:g.43614996G>A	ENST00000355710.3:c.2410G>A		G>A	RET	RET	Missense	Germline - Pathogenic	H	V804M	414	CAGGCCCGCTCCTCCTCATCGTGGAGTACGCCAAATACGGC	0	0	0	0	CCTCCTCATCGTGGAGTACGC	3.0
chr11	64577580	64577581	A	T	-	< 0.1	0	Non-Cholangio Hepatobiliary Cancer	100	11:g.64577581T>A	ENST00000312049.6:c.1A>T		A>T	MEN1	MEN1	Nonstart	Germline - Pathogenic	H	M1?	415	GCCGCCCACCGCCCGCCGCCATGGGGCTGAAGGCCGCCCAG	0	0	0	0	GCCCGCCGCCATGGGGCTGAA	
chr11	64575148	64575149	T	C	-	< 0.1	0	Cutaneous Melanoma	-	11:g.64575149A>G	ENST00000312049.6:c.658T>C		T>C	MEN1	MEN1	Missense	Germline - Pathogenic	H	W220R	417	TCTCATCCCCCCCTAAGAGCTGGCTGTACCTGAAAGGATCA	0	0	0	0	CCCTAAGAGCTGGCTGTACCT	7.0
chr11	64575048	64575049	C	T	-	< 0.1	0	Pancreatic Neuroendocrine Tumor	100	11:g.64575049G>A	ENST00000312049.6:c.758C>T		C>T	MEN1	MEN1	Missense	Germline - Pathogenic	H	S253L	418	CATTGACCTGCACACCGACTCGCTGGAGCTTCTGCAGCTGC	0	0	0	0	CACACCGACTCGCTGGAGCTT	4.0
chr11	64572548	64572549	G	A	-	< 0.1	0	Lung Neuroendocrine Tumor	100	11:g.64572549C>T	ENST00000312049.6:c.1307G>A		G>A	MEN1	MEN1	Nonsense	Germline - Pathogenic	H	W436*	419	GCCTGTGCTGCATGTGGGCTGGGCCACCTTTCTTGTGCAGT	0	0	0	0	CATGTGGGCTGGGCCACCTTT	2.0
chr19	1219356	1219357	C	T	+	< 0.1	0	Esophagogastric Cancer	-	19:g.1219357C>T	ENST00000326873.7:c.409C>T		C>T	STK11	STK11	Nonsense	Germline - Pathogenic	H	Q137*	420	AGTACTGCGTGTGTGGCATGCAGGAAATGCTGGACAGCGTG	0	0	0	0	GTGTGGCATGCAGGAAATGCT	5.0
chr19	1220611	1220612	C	A	+	< 0.1	0	Pancreatic Adenocarcinoma	-	19:g.1220612C>A	ENST00000326873.7:c.630C>A		C>A	STK11	STK11	Nonsense	Germline - Pathogenic	H	C210*	421	TTCGCGGCGGACGACACCTGCCGGACCAGCCAGGGCTCCCC	0	0	0	0	ACGACACCTGCCGGACCAGCC	
chr19	1226487	1226488	C	T	+	< 0.1	0	Endometrial Carcinoma	100	19:g.1226488C>T	ENST00000326873.7:c.1144C>T		C>T	STK11	STK11	Nonsense	Germline - Pathogenic	H	Q382*	422	AGGAGGCCAGTCACAATGGACAGCGCCGGGGCCTCCCCAAG	0	0	0	0	TCACAATGGACAGCGCCGGGG	2.0
chr11	111959662	111959663	C	T	+	< 0.1	0	Colorectal Adenocarcinoma	-	11:g.111959663C>T	ENST00000375549.3:c.242C>T		C>T	SDHD	SDHD	Missense	Germline - Pathogenic	H	P81L	424	TTTGCTCCTGGGTCTGCTTCCGGCTGCTTATTTGAATCCTT	4	4	4	1	GGTCTGCTTCCGGCTGCTTAT	8.0
chr11	61205473	61205474	A	T	+	< 0.1	0	Invasive Breast Carcinoma	-	11:g.61205474A>T	ENST00000301761.2:c.261-2A>T	0.0	A>T	SDHAF2	SDHAF2	Splice	Germline - Pathogenic	H	X87_splice	426	TTTTTTTCTTTCTTGTTTTTAGTCTTTTTGCTAAAGAACAT	0	0	0	0	TCTTGTTTTTAGTCTTTTTGC	
chr10	89717671	89717672	C	T	+	< 0.1	0	Germ Cell Tumor, Invasive Breast Carcinoma	100	10:g.89717672C>T	ENST00000371953.3:c.697C>T		C>T	PTEN	PTEN	Nonsense	Germline - Pathogenic	H	R233*	429	CCTCCAATTCAGGACCCACACGACGGGAAGACAAGTTCATG	1	1	1	0	AGGACCCACACGACGGGAAGA	0.0
chr10	89717675	89717676	G	A	+	< 0.1	0	Non-Small Cell Lung Cancer	-	10:g.89717676G>A	ENST00000371953.3:c.701G>A		G>A	PTEN	PTEN	Missense	Germline - Pathogenic	H	R234Q	430	CAATTCAGGACCCACACGACGGGAAGACAAGTTCATGTACT	0	0	0	0	CCCACACGACGGGAAGACAAG	8.0
chr9	135787809	135787810	G	A	-	< 0.1	0	Lung Neuroendocrine Tumor	-	9:g.135787810C>T	ENST00000298552.3:c.772G>A	8e-06	G>A	TSC1	TSC1	Missense	Germline - Pathogenic	H	E258K	438	AAACTCATGATGTTGTGATCGAGTGTGCCAAAATCTCTCTG	0	0	0	0	TGTTGTGATCGAGTGTGCCAA	4.0
chr2	96920736	96920737	A	G	-	< 0.1	0	Diffuse Glioma	-	2:g.96920737T>C	ENST00000258439.3:c.245-2A>G		A>G	TMEM127	TMEM127	Splice	Germline - Pathogenic	H	X82_splice	439	AAATTTGGTTCTCCCTCTACAGATTTCTGCATGAATCCCCA	0	0	0	0	CTCCCTCTACAGATTTCTGCA	2.0
chr10	104375022	104375023	A	T	+	< 0.1	0	Sex Cord Stromal Tumor	100	10:g.104375023A>T	ENST00000369902.3:c.1023-2A>T		A>T	SUFU	SUFU	Splice	Germline - Pathogenic	H	X341_splice	440	TTTTCCTGTGCTTGCTTCACAGGAGCCGCAAAGACAGCCTG	0	0	0	0	CTTGCTTCACAGGAGCCGCAA	
chr22	24143268	24143269	G	A	+	< 0.1	0	Renal Non-Clear Cell Carcinoma	100	22:g.24143269G>A	ENST00000263121.7:c.500+1G>A		G>A	SMARCB1	SMARCB1	Splice	Germline - Pathogenic	H	X167_splice	441	AAGAGAACCTTCCCCCTTTGGTGTGGATGCATCGCTGCACT	0	0	0	0	TCCCCCTTTGGTGTGGATGCA	2.0
chr19	11168982	11168983	G	T	+	< 0.1	0	Prostate Cancer	-	19:g.11168983G>T	ENST00000358026.2:c.4573G>T		G>T	SMARCA4	SMARCA4	Nonsense	Germline - Pathogenic	H	1525*	442	TCCAGCTGCCCTCGCGAAAGGAGCTGCCCGAGTACTACGAG	0	0	0	0	CTCGCGAAAGGAGCTGCCCGA	
chr19	11170860	11170861	G	T	+	< 0.1	0	Non-Small Cell Lung Cancer	-	19:g.11170861G>T	ENST00000358026.2:c.5005G>T		G>T	SMARCA4	SMARCA4	Nonsense	Germline - Pathogenic	H	E1669*	443	ACAGTGAGGAGGAACAAGAGGAGGTGAGGCCGGGCCCCCGA	0	0	0	0	GGAACAAGAGGAGGTGAGGCC	
chr1	161293425	161293426	C	T	+	< 0.1	0	Adrenocortical Carcinoma	100	1:g.161293426C>T	ENST00000367975.2:c.43C>T		C>T	SDHC	SDHC	Nonsense	Germline - Pathogenic	H	R15*	445	ACGTTGGTCGTCATTGCCTCCGAGCCCACTTTAGCCCTCAG	3	3	3	1	TCATTGCCTCCGAGCCCACTT	6.0
chr21	36265220	36265221	G	T	-	< 0.1	0	Esophagogastric Cancer	-	21:g.36265221C>A	ENST00000300305.3:c.97+1G>T		G>T	RUNX1	RUNX1	Splice	Germline - Pathogenic	H	X33_splice	446	TCCTTCTAGAGACGTCCACGGTATGTTAAATTCCAAGTTAT	0	0	0	0	GACGTCCACGGTATGTTAAAT	
chr7	116415144	116415145	T	C	+	< 0.1	0	Renal Non-Clear Cell Carcinoma	100	7:g.116415145T>C	ENST00000397752.3:c.3239T>C		T>C	MET	MET	Missense	Germline - Pathogenic	H	F1080S	448	CAGTAGCCTGATTGTGCATTTCAATGAAGTCATAGGAAGAG	0	0	0	0	ATTGTGCATTTCAATGAAGTC	3.0
chr4	55602663	55602664	G	C	+	< 0.1	0	Cutaneous Melanoma	100	4:g.55602664G>C	ENST00000288135.5:c.2485G>C		G>C	KIT	KIT	Missense	Germline - Pathogenic	H	A829P	449	CTGTTGTGCTTCTATTACAGGCTCGACTACCTGTGAAGTGG	0	0	0	0	TCTATTACAGGCTCGACTACC	
chr10	88649920	88649921	C	G	+	< 0.1	0	Salivary Carcinoma	-	10:g.88649921C>G	ENST00000372037.3:c.170C>G	4e-06	C>G	BMPR1A	BMPR1A	Missense	Germline - Pathogenic	H	P57R	450	AGCACCAGAGGATACCTTGCCTTTTTTAAAGTGCTATTGCT	1	1	1	0	GATACCTTGCCTTTTTTAAAG	
